no,timestamp
28.0,2016-01-25T09:04:17+01:00
29.1,2016-01-25T09:04:39+01:00
16.1,2016-01-25T09:05:01+01:00
19.3,2016-01-25T09:05:24+01:00
32.7,2016-01-25T09:05:46+01:00
44.3,2016-01-25T09:06:08+01:00
43.6,2016-01-25T09:06:30+01:00
40.5,2016-01-25T09:06:53+01:00
26.2,2016-01-25T09:07:15+01:00
38.3,2016-01-25T09:07:37+01:00
28.3,2016-01-25T09:07:59+01:00
34.9,2016-01-25T09:08:22+01:00
28.0,2016-01-25T09:08:44+01:00
19.6,2016-01-25T09:09:07+01:00
18.7,2016-01-25T09:09:29+01:00
37.9,2016-01-25T09:09:52+01:00
34.1,2016-01-25T09:10:14+01:00
31.5,2016-01-25T09:10:36+01:00
21.6,2016-01-25T09:10:59+01:00
20.5,2016-01-25T09:11:21+01:00
27.6,2016-01-25T09:11:43+01:00
23.3,2016-01-25T09:12:06+01:00
51.7,2016-01-25T09:12:28+01:00
33.4,2016-01-25T09:12:51+01:00
37.2,2016-01-25T09:13:13+01:00
66.5,2016-01-25T09:13:35+01:00
49.6,2016-01-25T09:13:57+01:00
44.9,2016-01-25T09:14:19+01:00
23.7,2016-01-25T09:14:42+01:00
9.4,2016-01-25T09:15:04+01:00
10.4,2016-01-25T09:15:27+01:00
15.2,2016-01-25T09:15:49+01:00
20.2,2016-01-25T09:16:12+01:00
21.2,2016-01-25T09:16:34+01:00
22.8,2016-01-25T09:16:56+01:00
27.9,2016-01-25T09:17:18+01:00
23.3,2016-01-25T09:17:40+01:00
38.0,2016-01-25T09:18:03+01:00
32.5,2016-01-25T09:18:25+01:00
18.7,2016-01-25T09:18:47+01:00
21.7,2016-01-25T09:19:10+01:00
16.8,2016-01-25T09:19:32+01:00
19.0,2016-01-25T09:19:54+01:00
14.0,2016-01-25T09:20:17+01:00
24.0,2016-01-25T09:20:39+01:00
19.9,2016-01-25T09:21:01+01:00
19.0,2016-01-25T09:21:24+01:00
21.7,2016-01-25T09:21:46+01:00
27.4,2016-01-25T09:22:09+01:00
28.9,2016-01-25T09:22:31+01:00
29.9,2016-01-25T09:22:53+01:00
26.0,2016-01-25T09:23:15+01:00
13.1,2016-01-25T09:23:38+01:00
20.8,2016-01-25T09:24:00+01:00
22.1,2016-01-25T09:24:22+01:00
19.2,2016-01-25T09:24:44+01:00
23.9,2016-01-25T09:25:06+01:00
18.9,2016-01-25T09:25:29+01:00
54.6,2016-01-25T09:25:51+01:00
86.1,2016-01-25T09:26:13+01:00
28.1,2016-01-25T09:26:35+01:00
30.6,2016-01-25T09:26:58+01:00
12.2,2016-01-25T09:27:20+01:00
16.7,2016-01-25T09:27:43+01:00
25.3,2016-01-25T09:28:05+01:00
15.0,2016-01-25T09:28:27+01:00
20.3,2016-01-25T09:28:49+01:00
14.5,2016-01-25T09:29:11+01:00
12.0,2016-01-25T09:29:34+01:00
24.1,2016-01-25T09:29:56+01:00
20.2,2016-01-25T09:30:18+01:00
14.4,2016-01-25T09:30:41+01:00
34.4,2016-01-25T09:31:03+01:00
34.3,2016-01-25T09:31:25+01:00
35.6,2016-01-25T09:31:47+01:00
28.0,2016-01-25T09:32:09+01:00
36.5,2016-01-25T09:32:32+01:00
16.0,2016-01-25T09:32:54+01:00
64.1,2016-01-25T09:33:16+01:00
31.4,2016-01-25T09:33:38+01:00
39.0,2016-01-25T09:34:01+01:00
34.2,2016-01-25T09:34:23+01:00
40.6,2016-01-25T09:34:46+01:00
45.4,2016-01-25T09:35:08+01:00
27.7,2016-01-25T09:35:31+01:00
28.0,2016-01-25T09:35:53+01:00
18.2,2016-01-25T09:36:15+01:00
18.7,2016-01-25T09:36:37+01:00
13.9,2016-01-25T09:36:59+01:00
20.1,2016-01-25T09:37:22+01:00
23.0,2016-01-25T09:37:44+01:00
17.0,2016-01-25T09:38:06+01:00
11.2,2016-01-25T09:38:28+01:00
19.6,2016-01-25T09:38:51+01:00
32.4,2016-01-25T09:39:13+01:00
20.6,2016-01-25T09:39:35+01:00
31.9,2016-01-25T09:39:57+01:00
19.6,2016-01-25T09:40:20+01:00
22.5,2016-01-25T09:40:42+01:00
34.8,2016-01-25T09:41:04+01:00
27.2,2016-01-25T09:41:27+01:00
19.0,2016-01-25T09:41:50+01:00
17.9,2016-01-25T09:42:12+01:00
34.7,2016-01-25T09:42:34+01:00
21.7,2016-01-25T09:42:57+01:00
21.8,2016-01-25T09:43:19+01:00
23.5,2016-01-25T09:43:41+01:00
26.2,2016-01-25T09:44:03+01:00
25.2,2016-01-25T09:44:26+01:00
15.7,2016-01-25T09:44:48+01:00
15.6,2016-01-25T09:45:10+01:00
16.8,2016-01-25T09:45:32+01:00
17.8,2016-01-25T09:45:55+01:00
16.9,2016-01-25T09:46:17+01:00
16.0,2016-01-25T09:46:39+01:00
16.9,2016-01-25T09:47:01+01:00
19.1,2016-01-25T09:47:23+01:00
20.6,2016-01-25T09:47:46+01:00
19.9,2016-01-25T09:48:08+01:00
14.5,2016-01-25T09:48:30+01:00
14.5,2016-01-25T09:48:52+01:00
12.1,2016-01-25T09:49:15+01:00
21.6,2016-01-25T09:49:37+01:00
20.3,2016-01-25T09:50:00+01:00
16.6,2016-01-25T09:50:22+01:00
22.0,2016-01-25T09:50:44+01:00
14.6,2016-01-25T09:51:06+01:00
21.0,2016-01-25T09:51:28+01:00
16.9,2016-01-25T09:51:51+01:00
18.4,2016-01-25T09:52:13+01:00
17.8,2016-01-25T09:52:35+01:00
16.9,2016-01-25T09:52:57+01:00
17.4,2016-01-25T09:53:20+01:00
24.1,2016-01-25T09:53:42+01:00
32.5,2016-01-25T09:54:04+01:00
18.7,2016-01-25T09:54:26+01:00
22.2,2016-01-25T09:54:49+01:00
25.4,2016-01-25T09:55:11+01:00
31.6,2016-01-25T09:55:34+01:00
36.4,2016-01-25T09:55:56+01:00
33.1,2016-01-25T09:56:18+01:00
27.3,2016-01-25T09:56:40+01:00
19.1,2016-01-25T09:57:03+01:00
24.7,2016-01-25T09:57:25+01:00
14.4,2016-01-25T09:57:47+01:00
10.3,2016-01-25T09:58:09+01:00
17.0,2016-01-25T09:58:31+01:00
26.2,2016-01-25T09:58:54+01:00
23.3,2016-01-25T09:59:16+01:00
16.6,2016-01-25T09:59:39+01:00
18.7,2016-01-25T10:00:01+01:00
25.6,2016-01-25T10:00:23+01:00
26.1,2016-01-25T10:00:45+01:00
20.0,2016-01-25T10:01:08+01:00
24.2,2016-01-25T10:01:30+01:00
27.8,2016-01-25T10:01:52+01:00
37.9,2016-01-25T10:02:15+01:00
16.4,2016-01-25T10:02:37+01:00
15.2,2016-01-25T10:02:59+01:00
19.6,2016-01-25T10:03:21+01:00
21.6,2016-01-25T10:03:44+01:00
21.4,2016-01-25T10:04:06+01:00
24.1,2016-01-25T10:04:28+01:00
11.0,2016-01-25T10:04:50+01:00
14.5,2016-01-25T10:05:13+01:00
15.6,2016-01-25T10:05:35+01:00
14.9,2016-01-25T10:05:57+01:00
11.6,2016-01-25T10:06:19+01:00
18.5,2016-01-25T10:06:42+01:00
28.2,2016-01-25T10:07:04+01:00
20.3,2016-01-25T10:07:26+01:00
19.0,2016-01-25T10:07:49+01:00
22.0,2016-01-25T10:08:11+01:00
29.7,2016-01-25T10:08:34+01:00
31.1,2016-01-25T10:08:56+01:00
22.2,2016-01-25T10:09:18+01:00
24.7,2016-01-25T10:09:40+01:00
26.9,2016-01-25T10:10:02+01:00
22.7,2016-01-25T10:10:25+01:00
21.4,2016-01-25T10:10:47+01:00
13.7,2016-01-25T10:11:09+01:00
18.1,2016-01-25T10:11:32+01:00
17.6,2016-01-25T10:11:54+01:00
11.9,2016-01-25T10:12:16+01:00
13.5,2016-01-25T10:12:39+01:00
12.9,2016-01-25T10:13:01+01:00
14.9,2016-01-25T10:13:23+01:00
14.3,2016-01-25T10:13:45+01:00
17.5,2016-01-25T10:14:08+01:00
16.7,2016-01-25T10:14:30+01:00
13.9,2016-01-25T10:14:52+01:00
16.6,2016-01-25T10:15:15+01:00
18.4,2016-01-25T10:15:37+01:00
17.1,2016-01-25T10:15:59+01:00
16.9,2016-01-25T10:16:21+01:00
16.9,2016-01-25T10:16:43+01:00
16.1,2016-01-25T10:17:06+01:00
12.1,2016-01-25T10:17:28+01:00
15.3,2016-01-25T10:17:51+01:00
15.4,2016-01-25T10:18:13+01:00
15.2,2016-01-25T10:18:35+01:00
15.7,2016-01-25T10:18:57+01:00
16.8,2016-01-25T10:19:20+01:00
22.6,2016-01-25T10:19:42+01:00
22.3,2016-01-25T10:20:04+01:00
31.9,2016-01-25T10:20:26+01:00
27.9,2016-01-25T10:20:49+01:00
14.6,2016-01-25T10:21:11+01:00
18.1,2016-01-25T10:21:33+01:00
19.5,2016-01-25T10:21:56+01:00
23.3,2016-01-25T10:22:18+01:00
28.1,2016-01-25T10:22:40+01:00
21.6,2016-01-25T10:23:03+01:00
17.9,2016-01-25T10:23:25+01:00
16.9,2016-01-25T10:23:47+01:00
15.7,2016-01-25T10:24:10+01:00
16.6,2016-01-25T10:24:32+01:00
20.0,2016-01-25T10:24:54+01:00
21.9,2016-01-25T10:25:17+01:00
23.1,2016-01-25T10:25:39+01:00
24.1,2016-01-25T10:26:01+01:00
23.6,2016-01-25T10:26:24+01:00
21.3,2016-01-25T10:26:46+01:00
22.4,2016-01-25T10:27:08+01:00
17.6,2016-01-25T10:27:30+01:00
14.9,2016-01-25T10:27:53+01:00
24.2,2016-01-25T10:28:15+01:00
26.7,2016-01-25T10:28:38+01:00
24.5,2016-01-25T10:29:00+01:00
26.0,2016-01-25T10:29:22+01:00
23.9,2016-01-25T10:29:44+01:00
27.6,2016-01-25T10:30:07+01:00
25.2,2016-01-25T10:30:29+01:00
23.2,2016-01-25T10:30:51+01:00
26.4,2016-01-25T10:31:13+01:00
30.0,2016-01-25T10:31:35+01:00
20.0,2016-01-25T10:31:58+01:00
14.1,2016-01-25T10:32:20+01:00
29.5,2016-01-25T10:32:43+01:00
40.0,2016-01-25T10:33:05+01:00
26.4,2016-01-25T10:33:27+01:00
20.3,2016-01-25T10:33:49+01:00
18.3,2016-01-25T10:34:12+01:00
22.6,2016-01-25T10:34:34+01:00
26.6,2016-01-25T10:34:56+01:00
25.1,2016-01-25T10:35:19+01:00
25.1,2016-01-25T10:35:41+01:00
27.5,2016-01-25T10:36:04+01:00
28.7,2016-01-25T10:36:26+01:00
27.9,2016-01-25T10:36:48+01:00
30.6,2016-01-25T10:37:11+01:00
33.0,2016-01-25T10:37:33+01:00
36.7,2016-01-25T10:37:55+01:00
32.5,2016-01-25T10:38:17+01:00
33.6,2016-01-25T10:38:40+01:00
44.8,2016-01-25T10:39:02+01:00
45.0,2016-01-25T10:39:24+01:00
43.8,2016-01-25T10:39:46+01:00
40.2,2016-01-25T10:40:09+01:00
38.0,2016-01-25T10:40:31+01:00
39.5,2016-01-25T10:40:54+01:00
41.6,2016-01-25T10:41:16+01:00
28.6,2016-01-25T10:41:38+01:00
36.2,2016-01-25T10:42:00+01:00
49.5,2016-01-25T10:42:23+01:00
32.5,2016-01-25T10:42:45+01:00
33.3,2016-01-25T10:43:07+01:00
30.7,2016-01-25T10:43:30+01:00
33.4,2016-01-25T10:43:52+01:00
33.8,2016-01-25T10:44:14+01:00
22.5,2016-01-25T10:44:37+01:00
28.3,2016-01-25T10:44:59+01:00
31.1,2016-01-25T10:45:21+01:00
30.9,2016-01-25T10:45:44+01:00
32.6,2016-01-25T10:46:06+01:00
33.0,2016-01-25T10:46:28+01:00
31.3,2016-01-25T10:46:51+01:00
30.6,2016-01-25T10:47:13+01:00
28.7,2016-01-25T10:47:35+01:00
22.5,2016-01-25T10:47:57+01:00
24.6,2016-01-25T10:48:19+01:00
30.9,2016-01-25T10:48:42+01:00
31.2,2016-01-25T10:49:04+01:00
37.0,2016-01-25T10:49:26+01:00
53.0,2016-01-25T10:49:48+01:00
49.8,2016-01-25T10:50:11+01:00
40.9,2016-01-25T10:50:33+01:00
43.9,2016-01-25T10:50:55+01:00
43.5,2016-01-25T10:51:17+01:00
43.4,2016-01-25T10:51:40+01:00
44.1,2016-01-25T10:52:02+01:00
38.8,2016-01-25T10:52:24+01:00
41.5,2016-01-25T10:52:47+01:00
48.2,2016-01-25T10:53:09+01:00
42.9,2016-01-25T10:53:31+01:00
40.0,2016-01-25T10:53:54+01:00
39.3,2016-01-25T10:54:16+01:00
40.2,2016-01-25T10:54:38+01:00
46.4,2016-01-25T10:55:00+01:00
46.6,2016-01-25T10:55:23+01:00
41.2,2016-01-25T10:55:45+01:00
42.5,2016-01-25T10:56:07+01:00
43.4,2016-01-25T10:56:29+01:00
49.5,2016-01-25T10:56:51+01:00
44.5,2016-01-25T10:57:14+01:00
35.0,2016-01-25T10:57:36+01:00
44.3,2016-01-25T10:57:58+01:00
42.8,2016-01-25T10:58:20+01:00
37.0,2016-01-25T10:58:43+01:00
40.2,2016-01-25T10:59:05+01:00
38.3,2016-01-25T10:59:27+01:00
41.2,2016-01-25T10:59:49+01:00
31.0,2016-01-25T11:00:12+01:00
36.5,2016-01-25T11:00:34+01:00
28.9,2016-01-25T11:00:56+01:00
40.2,2016-01-25T11:01:18+01:00
39.8,2016-01-25T11:01:41+01:00
39.6,2016-01-25T11:02:03+01:00
26.9,2016-01-25T11:02:25+01:00
27.3,2016-01-25T11:02:47+01:00
36.0,2016-01-25T11:03:09+01:00
34.7,2016-01-25T11:03:32+01:00
32.6,2016-01-25T11:03:54+01:00
29.9,2016-01-25T11:04:16+01:00
34.1,2016-01-25T11:04:39+01:00
29.6,2016-01-25T11:05:01+01:00
35.7,2016-01-25T11:05:23+01:00
23.9,2016-01-25T11:05:45+01:00
30.0,2016-01-25T11:06:07+01:00
35.7,2016-01-25T11:06:30+01:00
34.7,2016-01-25T11:06:52+01:00
38.3,2016-01-25T11:07:15+01:00
37.5,2016-01-25T11:07:37+01:00
36.8,2016-01-25T11:07:59+01:00
35.1,2016-01-25T11:08:21+01:00
36.5,2016-01-25T11:08:43+01:00
39.2,2016-01-25T11:09:06+01:00
38.5,2016-01-25T11:09:28+01:00
32.9,2016-01-25T11:09:51+01:00
37.6,2016-01-25T11:10:13+01:00
35.1,2016-01-25T11:10:35+01:00
31.6,2016-01-25T11:10:57+01:00
29.8,2016-01-25T11:11:20+01:00
33.3,2016-01-25T11:11:42+01:00
34.5,2016-01-25T11:12:04+01:00
35.0,2016-01-25T11:12:26+01:00
35.6,2016-01-25T11:12:49+01:00
35.5,2016-01-25T11:13:11+01:00
41.0,2016-01-25T11:13:33+01:00
33.6,2016-01-25T11:13:55+01:00
36.3,2016-01-25T11:14:17+01:00
39.5,2016-01-25T11:14:40+01:00
50.3,2016-01-25T11:15:02+01:00
40.8,2016-01-25T11:15:24+01:00
38.5,2016-01-25T11:15:46+01:00
43.7,2016-01-25T11:16:09+01:00
40.7,2016-01-25T11:16:31+01:00
37.8,2016-01-25T11:16:53+01:00
40.0,2016-01-25T11:17:16+01:00
38.3,2016-01-25T11:17:38+01:00
34.2,2016-01-25T11:18:01+01:00
36.5,2016-01-25T11:18:23+01:00
38.9,2016-01-25T11:18:46+01:00
41.1,2016-01-25T11:19:08+01:00
47.7,2016-01-25T11:19:30+01:00
38.1,2016-01-25T11:19:52+01:00
36.5,2016-01-25T11:20:15+01:00
38.3,2016-01-25T11:20:37+01:00
41.3,2016-01-25T11:20:59+01:00
42.7,2016-01-25T11:21:21+01:00
38.0,2016-01-25T11:21:43+01:00
44.3,2016-01-25T11:22:06+01:00
40.4,2016-01-25T11:22:28+01:00
35.9,2016-01-25T11:22:50+01:00
40.8,2016-01-25T11:23:12+01:00
44.8,2016-01-25T11:23:35+01:00
41.7,2016-01-25T11:23:57+01:00
42.6,2016-01-25T11:24:19+01:00
31.9,2016-01-25T11:24:41+01:00
34.1,2016-01-25T11:25:04+01:00
39.4,2016-01-25T11:25:26+01:00
36.0,2016-01-25T11:25:49+01:00
39.5,2016-01-25T11:26:11+01:00
43.1,2016-01-25T11:26:34+01:00
33.1,2016-01-25T11:26:56+01:00
37.3,2016-01-25T11:27:18+01:00
30.1,2016-01-25T11:27:40+01:00
35.3,2016-01-25T11:28:02+01:00
39.3,2016-01-25T11:28:25+01:00
30.3,2016-01-25T11:28:47+01:00
31.5,2016-01-25T11:29:10+01:00
34.7,2016-01-25T11:29:32+01:00
33.1,2016-01-25T11:29:55+01:00
34.8,2016-01-25T11:30:17+01:00
33.9,2016-01-25T11:30:39+01:00
35.1,2016-01-25T11:31:01+01:00
39.8,2016-01-25T11:31:24+01:00
45.8,2016-01-25T11:31:46+01:00
55.6,2016-01-25T11:32:08+01:00
49.1,2016-01-25T11:32:30+01:00
41.0,2016-01-25T11:32:53+01:00
39.4,2016-01-25T11:33:15+01:00
38.4,2016-01-25T11:33:38+01:00
39.4,2016-01-25T11:34:00+01:00
39.4,2016-01-25T11:34:22+01:00
31.7,2016-01-25T11:34:44+01:00
31.9,2016-01-25T11:35:06+01:00
50.0,2016-01-25T11:35:29+01:00
39.1,2016-01-25T11:35:51+01:00
38.6,2016-01-25T11:36:13+01:00
38.0,2016-01-25T11:36:35+01:00
33.8,2016-01-25T11:36:58+01:00
33.4,2016-01-25T11:37:20+01:00
31.7,2016-01-25T11:37:43+01:00
37.3,2016-01-25T11:38:05+01:00
29.7,2016-01-25T11:38:27+01:00
34.3,2016-01-25T11:38:49+01:00
31.5,2016-01-25T11:39:12+01:00
34.4,2016-01-25T11:39:34+01:00
33.6,2016-01-25T11:39:56+01:00
36.2,2016-01-25T11:40:18+01:00
36.1,2016-01-25T11:40:41+01:00
41.3,2016-01-25T11:41:03+01:00
31.2,2016-01-25T11:41:25+01:00
31.3,2016-01-25T11:41:47+01:00
38.0,2016-01-25T11:42:10+01:00
34.2,2016-01-25T11:42:32+01:00
34.9,2016-01-25T11:42:54+01:00
40.6,2016-01-25T11:43:17+01:00
30.5,2016-01-25T11:43:39+01:00
32.7,2016-01-25T11:44:01+01:00
33.6,2016-01-25T11:44:24+01:00
38.7,2016-01-25T11:44:46+01:00
38.6,2016-01-25T11:45:08+01:00
38.4,2016-01-25T11:45:31+01:00
35.5,2016-01-25T11:45:53+01:00
35.5,2016-01-25T11:46:15+01:00
38.4,2016-01-25T11:46:37+01:00
36.4,2016-01-25T11:47:00+01:00
35.3,2016-01-25T11:47:22+01:00
31.8,2016-01-25T11:47:44+01:00
35.0,2016-01-25T11:48:07+01:00
37.1,2016-01-25T11:48:29+01:00
32.3,2016-01-25T11:48:51+01:00
31.7,2016-01-25T11:49:13+01:00
31.5,2016-01-25T11:49:36+01:00
33.0,2016-01-25T11:49:58+01:00
30.5,2016-01-25T11:50:21+01:00
29.5,2016-01-25T11:50:43+01:00
34.7,2016-01-25T11:51:05+01:00
32.1,2016-01-25T11:51:27+01:00
29.4,2016-01-25T11:51:50+01:00
36.2,2016-01-25T11:52:12+01:00
26.7,2016-01-25T11:52:34+01:00
37.6,2016-01-25T11:52:57+01:00
33.1,2016-01-25T11:53:19+01:00
32.2,2016-01-25T11:53:41+01:00
37.8,2016-01-25T11:54:04+01:00
28.8,2016-01-25T11:54:26+01:00
28.0,2016-01-25T11:54:48+01:00
26.9,2016-01-25T11:55:10+01:00
27.7,2016-01-25T11:55:33+01:00
37.3,2016-01-25T11:55:55+01:00
28.4,2016-01-25T11:56:17+01:00
30.0,2016-01-25T11:56:40+01:00
32.6,2016-01-25T11:57:02+01:00
33.8,2016-01-25T11:57:24+01:00
29.9,2016-01-25T11:57:46+01:00
30.9,2016-01-25T11:58:08+01:00
26.2,2016-01-25T11:58:31+01:00
22.6,2016-01-25T11:58:53+01:00
24.7,2016-01-25T11:59:15+01:00
25.1,2016-01-25T11:59:37+01:00
30.6,2016-01-25T12:00:00+01:00
35.4,2016-01-25T12:00:22+01:00
38.9,2016-01-25T12:00:45+01:00
46.1,2016-01-25T12:01:07+01:00
41.1,2016-01-25T12:01:29+01:00
33.8,2016-01-25T12:01:51+01:00
31.9,2016-01-25T12:02:14+01:00
35.8,2016-01-25T12:02:36+01:00
32.9,2016-01-25T12:02:59+01:00
20.7,2016-01-25T12:03:21+01:00
28.7,2016-01-25T12:03:43+01:00
28.9,2016-01-25T12:04:06+01:00
31.5,2016-01-25T12:04:28+01:00
26.8,2016-01-25T12:04:50+01:00
29.7,2016-01-25T12:05:12+01:00
29.6,2016-01-25T12:05:34+01:00
30.3,2016-01-25T12:05:57+01:00
30.4,2016-01-25T12:06:19+01:00
28.6,2016-01-25T12:06:41+01:00
28.5,2016-01-25T12:07:03+01:00
27.3,2016-01-25T12:07:26+01:00
30.2,2016-01-25T12:07:48+01:00
26.8,2016-01-25T12:08:10+01:00
26.3,2016-01-25T12:08:32+01:00
25.7,2016-01-25T12:08:55+01:00
27.7,2016-01-25T12:09:17+01:00
30.4,2016-01-25T12:09:39+01:00
26.4,2016-01-25T12:10:01+01:00
28.2,2016-01-25T12:10:24+01:00
23.0,2016-01-25T12:10:46+01:00
25.0,2016-01-25T12:11:08+01:00
21.7,2016-01-25T12:11:31+01:00
24.1,2016-01-25T12:11:53+01:00
24.9,2016-01-25T12:12:15+01:00
25.6,2016-01-25T12:12:37+01:00
26.1,2016-01-25T12:13:00+01:00
28.6,2016-01-25T12:13:22+01:00
24.3,2016-01-25T12:13:44+01:00
25.5,2016-01-25T12:14:06+01:00
28.9,2016-01-25T12:14:29+01:00
29.0,2016-01-25T12:14:51+01:00
25.9,2016-01-25T12:15:13+01:00
20.8,2016-01-25T12:15:35+01:00
24.5,2016-01-25T12:15:58+01:00
23.9,2016-01-25T12:16:20+01:00
26.8,2016-01-25T12:16:42+01:00
24.9,2016-01-25T12:17:05+01:00
23.6,2016-01-25T12:17:27+01:00
24.3,2016-01-25T12:17:50+01:00
24.1,2016-01-25T12:18:12+01:00
21.7,2016-01-25T12:18:35+01:00
24.5,2016-01-25T12:18:57+01:00
20.4,2016-01-25T12:19:19+01:00
23.4,2016-01-25T12:19:41+01:00
26.5,2016-01-25T12:20:03+01:00
25.0,2016-01-25T12:20:26+01:00
25.5,2016-01-25T12:20:48+01:00
26.4,2016-01-25T12:21:10+01:00
23.9,2016-01-25T12:21:32+01:00
24.8,2016-01-25T12:21:55+01:00
28.2,2016-01-25T12:22:17+01:00
26.4,2016-01-25T12:22:40+01:00
25.5,2016-01-25T12:23:02+01:00
27.5,2016-01-25T12:23:24+01:00
28.8,2016-01-25T12:23:46+01:00
29.2,2016-01-25T12:24:08+01:00
26.4,2016-01-25T12:24:31+01:00
26.2,2016-01-25T12:24:53+01:00
24.5,2016-01-25T12:25:16+01:00
28.4,2016-01-25T12:25:38+01:00
24.0,2016-01-25T12:26:01+01:00
24.3,2016-01-25T12:26:23+01:00
27.4,2016-01-25T12:26:45+01:00
36.3,2016-01-25T12:27:07+01:00
36.6,2016-01-25T12:27:29+01:00
25.8,2016-01-25T12:27:52+01:00
27.7,2016-01-25T12:28:14+01:00
32.2,2016-01-25T12:28:36+01:00
30.8,2016-01-25T12:28:59+01:00
32.2,2016-01-25T12:29:22+01:00
29.0,2016-01-25T12:29:44+01:00
30.6,2016-01-25T12:30:06+01:00
31.3,2016-01-25T12:30:28+01:00
32.3,2016-01-25T12:30:51+01:00
28.1,2016-01-25T12:31:13+01:00
32.4,2016-01-25T12:31:35+01:00
30.4,2016-01-25T12:31:58+01:00
22.7,2016-01-25T12:32:20+01:00
27.9,2016-01-25T12:32:43+01:00
25.8,2016-01-25T12:33:05+01:00
30.5,2016-01-25T12:33:27+01:00
27.6,2016-01-25T12:33:49+01:00
25.0,2016-01-25T12:34:12+01:00
26.3,2016-01-25T12:34:34+01:00
28.0,2016-01-25T12:34:56+01:00
28.6,2016-01-25T12:35:19+01:00
29.3,2016-01-25T12:35:41+01:00
30.3,2016-01-25T12:36:03+01:00
24.6,2016-01-25T12:36:26+01:00
28.0,2016-01-25T12:36:48+01:00
27.9,2016-01-25T12:37:10+01:00
28.8,2016-01-25T12:37:33+01:00
34.2,2016-01-25T12:37:55+01:00
33.4,2016-01-25T12:38:17+01:00
30.7,2016-01-25T12:38:39+01:00
29.8,2016-01-25T12:39:01+01:00
30.8,2016-01-25T12:39:24+01:00
36.3,2016-01-25T12:39:46+01:00
32.9,2016-01-25T12:40:09+01:00
32.7,2016-01-25T12:40:31+01:00
35.1,2016-01-25T12:40:54+01:00
32.4,2016-01-25T12:41:16+01:00
29.3,2016-01-25T12:41:38+01:00
30.7,2016-01-25T12:42:00+01:00
28.9,2016-01-25T12:42:23+01:00
27.9,2016-01-25T12:42:45+01:00
29.0,2016-01-25T12:43:07+01:00
24.5,2016-01-25T12:43:30+01:00
22.7,2016-01-25T12:43:52+01:00
28.1,2016-01-25T12:44:14+01:00
33.8,2016-01-25T12:44:37+01:00
27.2,2016-01-25T12:44:59+01:00
25.7,2016-01-25T12:45:21+01:00
18.3,2016-01-25T12:45:43+01:00
16.6,2016-01-25T12:46:06+01:00
18.2,2016-01-25T12:46:28+01:00
18.5,2016-01-25T12:46:50+01:00
19.6,2016-01-25T12:47:12+01:00
22.9,2016-01-25T12:47:35+01:00
22.1,2016-01-25T12:47:57+01:00
20.4,2016-01-25T12:48:20+01:00
21.7,2016-01-25T12:48:42+01:00
24.8,2016-01-25T12:49:04+01:00
27.7,2016-01-25T12:49:27+01:00
30.2,2016-01-25T12:49:49+01:00
21.7,2016-01-25T12:50:11+01:00
24.8,2016-01-25T12:50:33+01:00
23.2,2016-01-25T12:50:56+01:00
23.5,2016-01-25T12:51:18+01:00
27.4,2016-01-25T12:51:41+01:00
23.4,2016-01-25T12:52:03+01:00
23.1,2016-01-25T12:52:25+01:00
22.8,2016-01-25T12:52:47+01:00
22.1,2016-01-25T12:53:09+01:00
23.8,2016-01-25T12:53:32+01:00
23.5,2016-01-25T12:53:54+01:00
19.9,2016-01-25T12:54:16+01:00
20.1,2016-01-25T12:54:38+01:00
22.2,2016-01-25T12:55:01+01:00
19.8,2016-01-25T12:55:23+01:00
22.0,2016-01-25T12:55:45+01:00
21.1,2016-01-25T12:56:08+01:00
23.9,2016-01-25T12:56:30+01:00
27.3,2016-01-25T12:56:52+01:00
25.9,2016-01-25T12:57:14+01:00
25.6,2016-01-25T12:57:36+01:00
31.3,2016-01-25T12:57:59+01:00
22.4,2016-01-25T12:58:21+01:00
14.8,2016-01-25T12:58:43+01:00
13.8,2016-01-25T12:59:05+01:00
14.4,2016-01-25T12:59:28+01:00
17.1,2016-01-25T12:59:50+01:00
18.2,2016-01-25T13:00:12+01:00
16.4,2016-01-25T13:00:34+01:00
19.2,2016-01-25T13:00:57+01:00
22.6,2016-01-25T13:01:19+01:00
21.6,2016-01-25T13:01:41+01:00
11.6,2016-01-25T13:02:03+01:00
15.8,2016-01-25T13:02:26+01:00
17.2,2016-01-25T13:02:48+01:00
13.7,2016-01-25T13:03:10+01:00
13.1,2016-01-25T13:03:32+01:00
15.9,2016-01-25T13:03:54+01:00
16.0,2016-01-25T13:04:17+01:00
19.1,2016-01-25T13:04:39+01:00
19.8,2016-01-25T13:05:02+01:00
21.8,2016-01-25T13:05:24+01:00
24.6,2016-01-25T13:05:46+01:00
27.1,2016-01-25T13:06:09+01:00
23.8,2016-01-25T13:06:31+01:00
21.9,2016-01-25T13:06:53+01:00
19.6,2016-01-25T13:07:15+01:00
13.3,2016-01-25T13:07:38+01:00
15.0,2016-01-25T13:08:00+01:00
11.9,2016-01-25T13:08:23+01:00
14.9,2016-01-25T13:08:45+01:00
17.9,2016-01-25T13:09:07+01:00
16.5,2016-01-25T13:09:29+01:00
14.9,2016-01-25T13:09:52+01:00
15.0,2016-01-25T13:10:14+01:00
17.6,2016-01-25T13:10:36+01:00
13.5,2016-01-25T13:10:59+01:00
12.0,2016-01-25T13:11:21+01:00
18.7,2016-01-25T13:11:43+01:00
21.4,2016-01-25T13:12:05+01:00
25.3,2016-01-25T13:12:28+01:00
11.1,2016-01-25T13:12:50+01:00
13.7,2016-01-25T13:13:12+01:00
17.3,2016-01-25T13:13:34+01:00
15.3,2016-01-25T13:13:57+01:00
15.2,2016-01-25T13:14:19+01:00
19.5,2016-01-25T13:14:41+01:00
13.6,2016-01-25T13:15:03+01:00
11.0,2016-01-25T13:15:25+01:00
8.4,2016-01-25T13:15:48+01:00
9.2,2016-01-25T13:16:10+01:00
11.0,2016-01-25T13:16:33+01:00
11.2,2016-01-25T13:16:55+01:00
10.3,2016-01-25T13:17:17+01:00
6.5,2016-01-25T13:17:39+01:00
10.6,2016-01-25T13:18:02+01:00
12.4,2016-01-25T13:18:24+01:00
13.8,2016-01-25T13:18:46+01:00
9.9,2016-01-25T13:19:08+01:00
7.8,2016-01-25T13:19:30+01:00
10.9,2016-01-25T13:19:53+01:00
11.4,2016-01-25T13:20:15+01:00
11.5,2016-01-25T13:20:38+01:00
13.1,2016-01-25T13:21:00+01:00
9.4,2016-01-25T13:21:22+01:00
11.4,2016-01-25T13:21:44+01:00
9.6,2016-01-25T13:22:07+01:00
9.2,2016-01-25T13:22:29+01:00
9.4,2016-01-25T13:22:51+01:00
8.7,2016-01-25T13:23:13+01:00
7.6,2016-01-25T13:23:36+01:00
8.2,2016-01-25T13:23:58+01:00
7.9,2016-01-25T13:24:20+01:00
7.9,2016-01-25T13:24:42+01:00
7.2,2016-01-25T13:25:05+01:00
5.1,2016-01-25T13:25:27+01:00
12.6,2016-01-25T13:25:49+01:00
14.7,2016-01-25T13:26:11+01:00
15.4,2016-01-25T13:26:34+01:00
12.8,2016-01-25T13:26:56+01:00
11.8,2016-01-25T13:27:18+01:00
12.5,2016-01-25T13:27:40+01:00
11.5,2016-01-25T13:28:02+01:00
12.4,2016-01-25T13:28:25+01:00
13.8,2016-01-25T13:28:47+01:00
10.8,2016-01-25T13:29:09+01:00
10.8,2016-01-25T13:29:31+01:00
13.0,2016-01-25T13:29:54+01:00
12.9,2016-01-25T13:30:16+01:00
10.8,2016-01-25T13:30:38+01:00
10.5,2016-01-25T13:31:00+01:00
9.8,2016-01-25T13:31:23+01:00
10.0,2016-01-25T13:31:45+01:00
11.6,2016-01-25T13:32:08+01:00
11.3,2016-01-25T13:32:30+01:00
13.4,2016-01-25T13:32:52+01:00
10.8,2016-01-25T13:33:14+01:00
9.7,2016-01-25T13:33:36+01:00
9.4,2016-01-25T13:33:59+01:00
8.7,2016-01-25T13:34:21+01:00
11.0,2016-01-25T13:34:44+01:00
15.1,2016-01-25T13:35:06+01:00
14.1,2016-01-25T13:35:28+01:00
12.3,2016-01-25T13:35:50+01:00
16.7,2016-01-25T13:36:13+01:00
17.1,2016-01-25T13:36:35+01:00
16.4,2016-01-25T13:36:58+01:00
17.1,2016-01-25T13:37:20+01:00
17.7,2016-01-25T13:37:42+01:00
17.8,2016-01-25T13:38:04+01:00
18.3,2016-01-25T13:38:26+01:00
17.3,2016-01-25T13:38:49+01:00
19.8,2016-01-25T13:39:11+01:00
18.5,2016-01-25T13:39:34+01:00
22.6,2016-01-25T13:39:56+01:00
16.8,2016-01-25T13:40:18+01:00
16.2,2016-01-25T13:40:40+01:00
10.1,2016-01-25T13:41:03+01:00
10.4,2016-01-25T13:41:25+01:00
9.2,2016-01-25T13:41:47+01:00
11.5,2016-01-25T13:42:09+01:00
11.5,2016-01-25T13:42:32+01:00
12.6,2016-01-25T13:42:54+01:00
10.7,2016-01-25T13:43:17+01:00
11.7,2016-01-25T13:43:39+01:00
12.9,2016-01-25T13:44:02+01:00
11.5,2016-01-25T13:44:24+01:00
9.6,2016-01-25T13:44:46+01:00
13.4,2016-01-25T13:45:08+01:00
15.9,2016-01-25T13:45:31+01:00
10.5,2016-01-25T13:45:53+01:00
11.5,2016-01-25T13:46:15+01:00
11.8,2016-01-25T13:46:37+01:00
9.8,2016-01-25T13:47:00+01:00
12.9,2016-01-25T13:47:22+01:00
9.0,2016-01-25T13:47:44+01:00
11.8,2016-01-25T13:48:07+01:00
12.7,2016-01-25T13:48:29+01:00
10.2,2016-01-25T13:48:51+01:00
9.3,2016-01-25T13:49:13+01:00
9.4,2016-01-25T13:49:36+01:00
12.0,2016-01-25T13:49:58+01:00
11.7,2016-01-25T13:50:20+01:00
9.3,2016-01-25T13:50:43+01:00
10.3,2016-01-25T13:51:05+01:00
9.8,2016-01-25T13:51:28+01:00
11.2,2016-01-25T13:51:50+01:00
12.0,2016-01-25T13:52:12+01:00
12.1,2016-01-25T13:52:34+01:00
12.1,2016-01-25T13:52:57+01:00
11.8,2016-01-25T13:53:19+01:00
11.2,2016-01-25T13:53:41+01:00
12.3,2016-01-25T13:54:03+01:00
12.9,2016-01-25T13:54:27+01:00
7.3,2016-01-25T13:54:49+01:00
10.6,2016-01-25T13:55:11+01:00
9.5,2016-01-25T13:55:33+01:00
12.6,2016-01-25T13:55:55+01:00
8.5,2016-01-25T13:56:18+01:00
9.6,2016-01-25T13:56:40+01:00
9.9,2016-01-25T13:57:02+01:00
8.5,2016-01-25T13:57:24+01:00
8.6,2016-01-25T13:57:47+01:00
13.9,2016-01-25T13:58:10+01:00
23.0,2016-01-25T13:58:32+01:00
13.5,2016-01-25T13:58:54+01:00
8.8,2016-01-25T13:59:16+01:00
8.9,2016-01-25T13:59:38+01:00
8.7,2016-01-25T14:00:01+01:00
9.2,2016-01-25T14:00:23+01:00
7.6,2016-01-25T14:00:45+01:00
9.8,2016-01-25T14:01:07+01:00
15.3,2016-01-25T14:01:30+01:00
10.7,2016-01-25T14:01:52+01:00
8.4,2016-01-25T14:02:14+01:00
8.2,2016-01-25T14:02:36+01:00
8.3,2016-01-25T14:02:59+01:00
8.0,2016-01-25T14:03:21+01:00
7.8,2016-01-25T14:03:44+01:00
7.6,2016-01-25T14:04:06+01:00
7.8,2016-01-25T14:04:28+01:00
7.9,2016-01-25T14:04:50+01:00
8.8,2016-01-25T14:05:12+01:00
9.0,2016-01-25T14:05:35+01:00
10.4,2016-01-25T14:05:57+01:00
10.9,2016-01-25T14:06:19+01:00
10.2,2016-01-25T14:06:41+01:00
11.7,2016-01-25T14:07:04+01:00
12.7,2016-01-25T14:07:26+01:00
12.4,2016-01-25T14:07:49+01:00
12.3,2016-01-25T14:08:11+01:00
11.7,2016-01-25T14:08:33+01:00
12.1,2016-01-25T14:08:55+01:00
10.3,2016-01-25T14:09:18+01:00
10.2,2016-01-25T14:09:40+01:00
11.0,2016-01-25T14:10:03+01:00
13.1,2016-01-25T14:10:25+01:00
8.7,2016-01-25T14:10:47+01:00
9.5,2016-01-25T14:11:09+01:00
9.7,2016-01-25T14:11:31+01:00
9.0,2016-01-25T14:11:54+01:00
9.5,2016-01-25T14:12:16+01:00
10.1,2016-01-25T14:12:38+01:00
9.8,2016-01-25T14:13:01+01:00
9.2,2016-01-25T14:13:23+01:00
8.7,2016-01-25T14:13:46+01:00
9.4,2016-01-25T14:14:08+01:00
9.5,2016-01-25T14:14:30+01:00
10.3,2016-01-25T14:14:53+01:00
9.9,2016-01-25T14:15:15+01:00
10.2,2016-01-25T14:15:38+01:00
10.0,2016-01-25T14:16:00+01:00
10.3,2016-01-25T14:16:22+01:00
12.7,2016-01-25T14:16:44+01:00
10.8,2016-01-25T14:17:07+01:00
9.5,2016-01-25T14:17:29+01:00
8.6,2016-01-25T14:17:51+01:00
12.2,2016-01-25T14:18:13+01:00
14.1,2016-01-25T14:18:36+01:00
9.8,2016-01-25T14:18:58+01:00
8.7,2016-01-25T14:19:21+01:00
7.7,2016-01-25T14:19:43+01:00
7.5,2016-01-25T14:20:05+01:00
8.6,2016-01-25T14:20:28+01:00
8.0,2016-01-25T14:20:50+01:00
8.6,2016-01-25T14:21:12+01:00
8.7,2016-01-25T14:21:35+01:00
8.5,2016-01-25T14:21:57+01:00
9.2,2016-01-25T14:22:19+01:00
9.4,2016-01-25T14:22:41+01:00
10.6,2016-01-25T14:23:03+01:00
10.8,2016-01-25T14:23:26+01:00
11.3,2016-01-25T14:23:48+01:00
15.5,2016-01-25T14:24:10+01:00
14.2,2016-01-25T14:24:33+01:00
13.5,2016-01-25T14:24:55+01:00
10.6,2016-01-25T14:25:17+01:00
9.6,2016-01-25T14:25:39+01:00
12.2,2016-01-25T14:26:01+01:00
9.4,2016-01-25T14:26:24+01:00
13.9,2016-01-25T14:26:46+01:00
18.9,2016-01-25T14:27:09+01:00
17.3,2016-01-25T14:27:31+01:00
16.9,2016-01-25T14:27:53+01:00
17.5,2016-01-25T14:28:15+01:00
12.5,2016-01-25T14:28:38+01:00
23.0,2016-01-25T14:29:00+01:00
16.9,2016-01-25T14:29:22+01:00
10.1,2016-01-25T14:29:44+01:00
15.9,2016-01-25T14:30:06+01:00
9.0,2016-01-25T14:30:29+01:00
8.8,2016-01-25T14:30:51+01:00
6.9,2016-01-25T14:31:13+01:00
7.5,2016-01-25T14:31:35+01:00
12.9,2016-01-25T14:31:58+01:00
8.4,2016-01-25T14:32:20+01:00
7.9,2016-01-25T14:32:42+01:00
9.2,2016-01-25T14:33:04+01:00
10.9,2016-01-25T14:33:27+01:00
9.7,2016-01-25T14:33:49+01:00
10.8,2016-01-25T14:34:11+01:00
11.0,2016-01-25T14:34:33+01:00
5.6,2016-01-25T14:34:55+01:00
6.6,2016-01-25T14:35:18+01:00
5.4,2016-01-25T14:35:40+01:00
5.5,2016-01-25T14:36:03+01:00
5.8,2016-01-25T14:36:25+01:00
10.7,2016-01-25T14:36:48+01:00
13.0,2016-01-25T14:37:10+01:00
9.3,2016-01-25T14:37:32+01:00
15.9,2016-01-25T14:37:54+01:00
19.8,2016-01-25T14:38:17+01:00
13.6,2016-01-25T14:38:39+01:00
5.7,2016-01-25T14:39:01+01:00
5.5,2016-01-25T14:39:23+01:00
9.4,2016-01-25T14:39:46+01:00
5.5,2016-01-25T14:40:08+01:00
8.4,2016-01-25T14:40:30+01:00
8.3,2016-01-25T14:40:53+01:00
6.9,2016-01-25T14:41:15+01:00
8.9,2016-01-25T14:41:37+01:00
11.6,2016-01-25T14:41:59+01:00
12.3,2016-01-25T14:42:22+01:00
13.5,2016-01-25T14:42:44+01:00
15.5,2016-01-25T14:43:06+01:00
18.7,2016-01-25T14:43:28+01:00
18.5,2016-01-25T14:43:51+01:00
15.0,2016-01-25T14:44:13+01:00
13.3,2016-01-25T14:44:36+01:00
9.9,2016-01-25T14:44:58+01:00
10.7,2016-01-25T14:45:20+01:00
8.3,2016-01-25T14:45:42+01:00
5.8,2016-01-25T14:46:05+01:00
5.3,2016-01-25T14:46:28+01:00
6.2,2016-01-25T14:46:50+01:00
4.7,2016-01-25T14:47:13+01:00
5.8,2016-01-25T14:47:35+01:00
10.2,2016-01-25T14:47:57+01:00
6.4,2016-01-25T14:48:19+01:00
4.9,2016-01-25T14:48:41+01:00
5.5,2016-01-25T14:49:04+01:00
4.0,2016-01-25T14:49:26+01:00
6.4,2016-01-25T14:49:48+01:00
8.1,2016-01-25T14:50:11+01:00
5.8,2016-01-25T14:50:33+01:00
7.1,2016-01-25T14:50:55+01:00
8.4,2016-01-25T14:51:17+01:00
9.9,2016-01-25T14:51:40+01:00
11.8,2016-01-25T14:52:02+01:00
10.9,2016-01-25T14:52:24+01:00
14.2,2016-01-25T14:52:47+01:00
15.1,2016-01-25T14:53:09+01:00
9.6,2016-01-25T14:53:31+01:00
9.7,2016-01-25T14:53:53+01:00
8.2,2016-01-25T14:54:16+01:00
5.2,2016-01-25T14:54:38+01:00
5.2,2016-01-25T14:55:01+01:00
7.2,2016-01-25T14:55:23+01:00
9.4,2016-01-25T14:55:45+01:00
9.5,2016-01-25T14:56:07+01:00
4.3,2016-01-25T14:56:30+01:00
6.6,2016-01-25T14:56:52+01:00
6.4,2016-01-25T14:57:14+01:00
11.2,2016-01-25T14:57:37+01:00
12.9,2016-01-25T14:57:59+01:00
14.2,2016-01-25T14:58:21+01:00
10.4,2016-01-25T14:58:43+01:00
5.9,2016-01-25T14:59:06+01:00
10.0,2016-01-25T14:59:28+01:00
10.9,2016-01-25T14:59:50+01:00
10.1,2016-01-25T15:00:12+01:00
5.1,2016-01-25T15:00:35+01:00
6.9,2016-01-25T15:00:57+01:00
8.4,2016-01-25T15:01:19+01:00
9.2,2016-01-25T15:01:41+01:00
10.4,2016-01-25T15:02:04+01:00
12.9,2016-01-25T15:02:26+01:00
7.0,2016-01-25T15:02:48+01:00
8.0,2016-01-25T15:03:11+01:00
10.2,2016-01-25T15:03:33+01:00
13.0,2016-01-25T15:03:55+01:00
11.3,2016-01-25T15:04:17+01:00
15.3,2016-01-25T15:04:39+01:00
12.7,2016-01-25T15:05:02+01:00
14.6,2016-01-25T15:05:24+01:00
10.8,2016-01-25T15:05:46+01:00
9.4,2016-01-25T15:06:09+01:00
13.7,2016-01-25T15:06:31+01:00
11.5,2016-01-25T15:06:53+01:00
7.8,2016-01-25T15:07:16+01:00
6.9,2016-01-25T15:07:38+01:00
6.9,2016-01-25T15:08:00+01:00
11.8,2016-01-25T15:08:22+01:00
13.0,2016-01-25T15:08:45+01:00
11.6,2016-01-25T15:09:07+01:00
11.6,2016-01-25T15:09:30+01:00
13.4,2016-01-25T15:09:52+01:00
13.7,2016-01-25T15:10:14+01:00
13.5,2016-01-25T15:10:36+01:00
10.9,2016-01-25T15:10:58+01:00
11.4,2016-01-25T15:11:21+01:00
13.1,2016-01-25T15:11:43+01:00
11.5,2016-01-25T15:12:05+01:00
11.7,2016-01-25T15:12:28+01:00
14.2,2016-01-25T15:12:50+01:00
14.9,2016-01-25T15:13:12+01:00
17.1,2016-01-25T15:13:35+01:00
25.8,2016-01-25T15:13:57+01:00
15.1,2016-01-25T15:14:19+01:00
26.9,2016-01-25T15:14:42+01:00
3.2,2016-01-25T15:15:04+01:00
10.4,2016-01-25T15:15:26+01:00
10.9,2016-01-25T15:15:49+01:00
13.1,2016-01-25T15:16:11+01:00
10.3,2016-01-25T15:16:34+01:00
5.5,2016-01-25T15:16:56+01:00
7.6,2016-01-25T15:17:19+01:00
8.6,2016-01-25T15:17:41+01:00
10.0,2016-01-25T15:18:03+01:00
9.7,2016-01-25T15:18:25+01:00
9.7,2016-01-25T15:18:48+01:00
11.4,2016-01-25T15:19:10+01:00
10.0,2016-01-25T15:19:32+01:00
8.6,2016-01-25T15:19:55+01:00
11.0,2016-01-25T15:20:17+01:00
5.8,2016-01-25T15:20:39+01:00
3.8,2016-01-25T15:21:02+01:00
3.8,2016-01-25T15:21:24+01:00
5.3,2016-01-25T15:21:46+01:00
5.5,2016-01-25T15:22:09+01:00
5.1,2016-01-25T15:22:31+01:00
5.2,2016-01-25T15:22:53+01:00
5.8,2016-01-25T15:23:15+01:00
18.3,2016-01-25T15:23:38+01:00
18.2,2016-01-25T15:24:00+01:00
8.2,2016-01-25T15:24:22+01:00
38.1,2016-01-25T15:24:44+01:00
42.6,2016-01-25T15:25:06+01:00
9.4,2016-01-25T15:25:28+01:00
14.3,2016-01-25T15:25:51+01:00
16.0,2016-01-25T15:26:13+01:00
5.9,2016-01-25T15:26:36+01:00
10.4,2016-01-25T15:26:58+01:00
7.2,2016-01-25T15:27:21+01:00
8.4,2016-01-25T15:27:43+01:00
7.8,2016-01-25T15:28:06+01:00
20.4,2016-01-25T15:28:28+01:00
10.7,2016-01-25T15:28:50+01:00
5.9,2016-01-25T15:29:12+01:00
6.4,2016-01-25T15:29:34+01:00
10.4,2016-01-25T15:29:57+01:00
10.3,2016-01-25T15:30:19+01:00
6.6,2016-01-25T15:30:42+01:00
6.1,2016-01-25T15:31:04+01:00
5.9,2016-01-25T15:31:26+01:00
5.9,2016-01-25T15:31:48+01:00
6.9,2016-01-25T15:32:11+01:00
6.9,2016-01-25T15:32:33+01:00
5.6,2016-01-25T15:32:55+01:00
4.2,2016-01-25T15:33:17+01:00
4.3,2016-01-25T15:33:39+01:00
6.7,2016-01-25T15:34:02+01:00
19.3,2016-01-25T15:34:24+01:00
34.4,2016-01-25T15:34:46+01:00
21.1,2016-01-25T15:35:08+01:00
5.7,2016-01-25T15:35:31+01:00
5.8,2016-01-25T15:35:53+01:00
4.0,2016-01-25T15:36:15+01:00
18.0,2016-01-25T15:36:37+01:00
10.6,2016-01-25T15:37:00+01:00
7.3,2016-01-25T15:37:22+01:00
12.8,2016-01-25T15:37:44+01:00
11.9,2016-01-25T15:38:06+01:00
9.7,2016-01-25T15:38:29+01:00
14.4,2016-01-25T15:38:51+01:00
7.3,2016-01-25T15:39:13+01:00
14.3,2016-01-25T15:39:36+01:00
39.3,2016-01-25T15:39:58+01:00
62.4,2016-01-25T15:40:20+01:00
18.3,2016-01-25T15:40:42+01:00
9.8,2016-01-25T15:41:05+01:00
11.8,2016-01-25T15:41:27+01:00
24.7,2016-01-25T15:41:49+01:00
20.9,2016-01-25T15:42:12+01:00
18.2,2016-01-25T15:42:34+01:00
19.4,2016-01-25T15:42:56+01:00
16.4,2016-01-25T15:43:18+01:00
15.1,2016-01-25T15:43:41+01:00
60.3,2016-01-25T15:44:03+01:00
21.0,2016-01-25T15:44:25+01:00
20.3,2016-01-25T15:44:47+01:00
12.2,2016-01-25T15:45:10+01:00
10.0,2016-01-25T15:45:32+01:00
7.7,2016-01-25T15:45:54+01:00
8.7,2016-01-25T15:46:16+01:00
7.9,2016-01-25T15:46:39+01:00
5.3,2016-01-25T15:47:01+01:00
10.8,2016-01-25T15:47:23+01:00
10.2,2016-01-25T15:47:45+01:00
15.5,2016-01-25T15:48:07+01:00
63.0,2016-01-25T15:48:30+01:00
21.7,2016-01-25T15:48:52+01:00
7.3,2016-01-25T15:49:14+01:00
7.4,2016-01-25T15:49:36+01:00
35.2,2016-01-25T15:49:59+01:00
15.8,2016-01-25T15:50:21+01:00
7.0,2016-01-25T15:50:44+01:00
7.1,2016-01-25T15:51:06+01:00
10.2,2016-01-25T15:51:28+01:00
14.2,2016-01-25T15:51:50+01:00
36.0,2016-01-25T15:52:13+01:00
28.0,2016-01-25T15:52:35+01:00
26.2,2016-01-25T15:52:57+01:00
22.9,2016-01-25T15:53:20+01:00
31.4,2016-01-25T15:53:42+01:00
12.9,2016-01-25T15:54:05+01:00
15.7,2016-01-25T15:54:27+01:00
36.3,2016-01-25T15:54:49+01:00
18.6,2016-01-25T15:55:11+01:00
20.8,2016-01-25T15:55:34+01:00
28.6,2016-01-25T15:55:56+01:00
18.8,2016-01-25T15:56:18+01:00
30.9,2016-01-25T15:56:41+01:00
10.3,2016-01-25T15:57:03+01:00
8.8,2016-01-25T15:57:25+01:00
9.1,2016-01-25T15:57:47+01:00
11.1,2016-01-25T15:58:10+01:00
11.4,2016-01-25T15:58:32+01:00
9.8,2016-01-25T15:58:55+01:00
9.3,2016-01-25T15:59:17+01:00
16.6,2016-01-25T15:59:39+01:00
10.1,2016-01-25T16:00:01+01:00
25.6,2016-01-25T16:00:23+01:00
15.4,2016-01-25T16:00:46+01:00
13.7,2016-01-25T16:01:08+01:00
14.0,2016-01-25T16:01:31+01:00
9.8,2016-01-25T16:01:53+01:00
12.0,2016-01-25T16:02:15+01:00
15.6,2016-01-25T16:02:38+01:00
12.0,2016-01-25T16:03:00+01:00
13.4,2016-01-25T16:03:22+01:00
15.9,2016-01-25T16:03:44+01:00
16.3,2016-01-25T16:04:07+01:00
13.5,2016-01-25T16:04:29+01:00
13.8,2016-01-25T16:04:51+01:00
15.4,2016-01-25T16:05:13+01:00
12.3,2016-01-25T16:05:36+01:00
17.2,2016-01-25T16:05:58+01:00
16.2,2016-01-25T16:06:21+01:00
12.6,2016-01-25T16:06:43+01:00
12.9,2016-01-25T16:07:05+01:00
12.4,2016-01-25T16:07:27+01:00
13.8,2016-01-25T16:07:49+01:00
12.2,2016-01-25T16:08:12+01:00
15.9,2016-01-25T16:08:35+01:00
17.5,2016-01-25T16:08:57+01:00
17.1,2016-01-25T16:09:19+01:00
13.8,2016-01-25T16:09:41+01:00
14.3,2016-01-25T16:10:03+01:00
16.4,2016-01-25T16:10:26+01:00
14.2,2016-01-25T16:10:48+01:00
15.1,2016-01-25T16:11:10+01:00
18.5,2016-01-25T16:11:32+01:00
14.8,2016-01-25T16:11:55+01:00
14.7,2016-01-25T16:12:17+01:00
18.2,2016-01-25T16:12:39+01:00
14.8,2016-01-25T16:13:02+01:00
16.5,2016-01-25T16:13:24+01:00
16.3,2016-01-25T16:13:46+01:00
22.1,2016-01-25T16:14:08+01:00
22.8,2016-01-25T16:14:31+01:00
21.8,2016-01-25T16:14:53+01:00
14.4,2016-01-25T16:15:15+01:00
18.5,2016-01-25T16:15:37+01:00
21.5,2016-01-25T16:16:00+01:00
20.7,2016-01-25T16:16:22+01:00
18.6,2016-01-25T16:16:45+01:00
23.2,2016-01-25T16:17:07+01:00
22.3,2016-01-25T16:17:29+01:00
16.0,2016-01-25T16:17:52+01:00
11.8,2016-01-25T16:18:14+01:00
9.8,2016-01-25T16:18:36+01:00
9.0,2016-01-25T16:18:59+01:00
9.1,2016-01-25T16:19:22+01:00
13.5,2016-01-25T16:19:44+01:00
21.1,2016-01-25T16:20:06+01:00
16.0,2016-01-25T16:20:28+01:00
20.5,2016-01-25T16:20:50+01:00
20.1,2016-01-25T16:21:13+01:00
20.2,2016-01-25T16:21:35+01:00
13.3,2016-01-25T16:21:58+01:00
13.4,2016-01-25T16:22:20+01:00
13.4,2016-01-25T16:22:42+01:00
7.6,2016-01-25T16:23:04+01:00
13.4,2016-01-25T16:23:27+01:00
13.7,2016-01-25T16:23:49+01:00
11.8,2016-01-25T16:24:11+01:00
13.8,2016-01-25T16:24:33+01:00
9.3,2016-01-25T16:24:56+01:00
9.5,2016-01-25T16:25:18+01:00
8.8,2016-01-25T16:25:40+01:00
10.0,2016-01-25T16:26:03+01:00
13.7,2016-01-25T16:26:25+01:00
15.0,2016-01-25T16:26:47+01:00
17.5,2016-01-25T16:27:10+01:00
7.7,2016-01-25T16:27:32+01:00
2.6,2016-01-25T16:27:55+01:00
3.2,2016-01-25T16:28:17+01:00
4.6,2016-01-25T16:28:39+01:00
9.9,2016-01-25T16:29:01+01:00
9.0,2016-01-25T16:29:24+01:00
10.7,2016-01-25T16:29:46+01:00
13.7,2016-01-25T16:30:08+01:00
8.8,2016-01-25T16:30:30+01:00
3.0,2016-01-25T16:30:53+01:00
8.5,2016-01-25T16:31:15+01:00
19.9,2016-01-25T16:31:37+01:00
22.5,2016-01-25T16:31:59+01:00
9.5,2016-01-25T16:32:21+01:00
6.7,2016-01-25T16:32:44+01:00
8.0,2016-01-25T16:33:06+01:00
9.9,2016-01-25T16:33:29+01:00
9.5,2016-01-25T16:33:51+01:00
14.5,2016-01-25T16:34:13+01:00
17.0,2016-01-25T16:34:36+01:00
12.3,2016-01-25T16:34:58+01:00
13.0,2016-01-25T16:35:20+01:00
16.0,2016-01-25T16:35:43+01:00
11.5,2016-01-25T16:36:05+01:00
12.5,2016-01-25T16:36:27+01:00
13.4,2016-01-25T16:36:49+01:00
16.6,2016-01-25T16:37:12+01:00
11.5,2016-01-25T16:37:34+01:00
7.9,2016-01-25T16:37:56+01:00
5.2,2016-01-25T16:38:18+01:00
6.1,2016-01-25T16:38:41+01:00
6.4,2016-01-25T16:39:03+01:00
3.5,2016-01-25T16:39:26+01:00
3.2,2016-01-25T16:39:48+01:00
3.3,2016-01-25T16:40:10+01:00
5.2,2016-01-25T16:40:32+01:00
5.3,2016-01-25T16:40:54+01:00
7.3,2016-01-25T16:41:17+01:00
13.6,2016-01-25T16:41:39+01:00
12.4,2016-01-25T16:42:01+01:00
12.7,2016-01-25T16:42:24+01:00
11.1,2016-01-25T16:42:46+01:00
14.1,2016-01-25T16:43:08+01:00
8.2,2016-01-25T16:43:31+01:00
7.4,2016-01-25T16:43:53+01:00
8.8,2016-01-25T16:44:16+01:00
8.1,2016-01-25T16:44:38+01:00
5.8,2016-01-25T16:45:00+01:00
9.5,2016-01-25T16:45:23+01:00
12.1,2016-01-25T16:45:45+01:00
9.7,2016-01-25T16:46:07+01:00
9.7,2016-01-25T16:46:29+01:00
18.7,2016-01-25T16:46:52+01:00
13.5,2016-01-25T16:47:14+01:00
15.7,2016-01-25T16:47:36+01:00
13.1,2016-01-25T16:47:58+01:00
10.1,2016-01-25T16:48:21+01:00
9.5,2016-01-25T16:48:43+01:00
9.8,2016-01-25T16:49:06+01:00
12.1,2016-01-25T16:49:28+01:00
14.6,2016-01-25T16:49:51+01:00
58.3,2016-01-25T16:50:13+01:00
46.6,2016-01-25T16:50:35+01:00
44.7,2016-01-25T16:50:57+01:00
8.1,2016-01-25T16:51:19+01:00
36.8,2016-01-25T16:51:42+01:00
21.7,2016-01-25T16:52:04+01:00
17.0,2016-01-25T16:52:26+01:00
15.4,2016-01-25T16:52:48+01:00
16.5,2016-01-25T16:53:11+01:00
13.7,2016-01-25T16:53:33+01:00
12.5,2016-01-25T16:53:56+01:00
12.9,2016-01-25T16:54:18+01:00
10.0,2016-01-25T16:54:40+01:00
9.5,2016-01-25T16:55:02+01:00
8.3,2016-01-25T16:55:24+01:00
13.5,2016-01-25T16:55:47+01:00
14.7,2016-01-25T16:56:09+01:00
8.7,2016-01-25T16:56:31+01:00
13.3,2016-01-25T16:56:54+01:00
9.6,2016-01-25T16:57:16+01:00
13.6,2016-01-25T16:57:38+01:00
13.9,2016-01-25T16:58:01+01:00
7.5,2016-01-25T16:58:23+01:00
8.9,2016-01-25T16:58:45+01:00
8.6,2016-01-25T16:59:07+01:00
9.2,2016-01-25T16:59:30+01:00
14.5,2016-01-25T16:59:52+01:00
16.5,2016-01-25T17:00:14+01:00
12.1,2016-01-25T17:00:36+01:00
11.1,2016-01-25T17:00:59+01:00
9.8,2016-01-25T17:01:21+01:00
10.7,2016-01-25T17:01:43+01:00
9.7,2016-01-25T17:02:05+01:00
10.2,2016-01-25T17:02:27+01:00
12.9,2016-01-25T17:02:50+01:00
7.4,2016-01-25T17:03:12+01:00
10.9,2016-01-25T17:03:34+01:00
17.1,2016-01-25T17:03:57+01:00
10.2,2016-01-25T17:04:19+01:00
7.3,2016-01-25T17:04:41+01:00
4.4,2016-01-25T17:05:04+01:00
6.2,2016-01-25T17:05:26+01:00
8.7,2016-01-25T17:05:48+01:00
9.8,2016-01-25T17:06:10+01:00
16.7,2016-01-25T17:06:32+01:00
0.0,2016-01-25T17:06:55+01:00
12.2,2016-01-25T17:07:17+01:00
9.5,2016-01-25T17:07:40+01:00
10.0,2016-01-25T17:08:02+01:00
9.1,2016-01-25T17:08:24+01:00
15.2,2016-01-25T17:08:47+01:00
20.0,2016-01-25T17:09:09+01:00
12.2,2016-01-25T17:09:31+01:00
11.7,2016-01-25T17:09:54+01:00
8.7,2016-01-25T17:10:16+01:00
7.8,2016-01-25T17:10:38+01:00
14.4,2016-01-25T17:11:01+01:00
6.7,2016-01-25T17:11:23+01:00
6.8,2016-01-25T17:11:46+01:00
12.6,2016-01-25T17:12:08+01:00
15.3,2016-01-25T17:12:30+01:00
10.3,2016-01-25T17:12:52+01:00
8.1,2016-01-25T17:13:15+01:00
7.9,2016-01-25T17:13:38+01:00
5.3,2016-01-25T17:14:00+01:00
6.0,2016-01-25T17:14:22+01:00
10.1,2016-01-25T17:14:44+01:00
10.5,2016-01-25T17:15:07+01:00
12.1,2016-01-25T17:15:29+01:00
16.6,2016-01-25T17:15:52+01:00
18.7,2016-01-25T17:16:14+01:00
14.0,2016-01-25T17:16:36+01:00
8.3,2016-01-25T17:16:59+01:00
10.5,2016-01-25T17:17:21+01:00
9.5,2016-01-25T17:17:43+01:00
8.4,2016-01-25T17:18:05+01:00
13.0,2016-01-25T17:18:28+01:00
16.2,2016-01-25T17:18:50+01:00
10.6,2016-01-25T17:19:13+01:00
10.4,2016-01-25T17:19:35+01:00
11.0,2016-01-25T17:19:58+01:00
19.4,2016-01-25T17:20:20+01:00
22.2,2016-01-25T17:20:42+01:00
12.6,2016-01-25T17:21:04+01:00
13.4,2016-01-25T17:21:27+01:00
7.8,2016-01-25T17:21:49+01:00
7.8,2016-01-25T17:22:11+01:00
7.3,2016-01-25T17:22:34+01:00
11.8,2016-01-25T17:22:57+01:00
11.2,2016-01-25T17:23:19+01:00
9.6,2016-01-25T17:23:42+01:00
12.0,2016-01-25T17:24:04+01:00
16.3,2016-01-25T17:24:26+01:00
21.7,2016-01-25T17:24:49+01:00
13.8,2016-01-25T17:25:11+01:00
20.8,2016-01-25T17:25:33+01:00
13.6,2016-01-25T17:25:55+01:00
14.5,2016-01-25T17:26:18+01:00
13.2,2016-01-25T17:26:40+01:00
16.7,2016-01-25T17:27:03+01:00
12.2,2016-01-25T17:27:25+01:00
11.6,2016-01-25T17:27:47+01:00
15.1,2016-01-25T17:28:09+01:00
14.7,2016-01-25T17:28:32+01:00
11.3,2016-01-25T17:28:54+01:00
14.1,2016-01-25T17:29:16+01:00
14.4,2016-01-25T17:29:39+01:00
17.9,2016-01-25T17:30:02+01:00
11.5,2016-01-25T17:30:24+01:00
11.3,2016-01-25T17:30:46+01:00
18.2,2016-01-25T17:31:09+01:00
16.1,2016-01-25T17:31:31+01:00
11.2,2016-01-25T17:31:54+01:00
11.6,2016-01-25T17:32:16+01:00
12.7,2016-01-25T17:32:39+01:00
11.1,2016-01-25T17:33:01+01:00
11.4,2016-01-25T17:33:23+01:00
9.9,2016-01-25T17:33:46+01:00
10.9,2016-01-25T17:34:09+01:00
19.8,2016-01-25T17:34:31+01:00
12.6,2016-01-25T17:34:53+01:00
8.7,2016-01-25T17:35:15+01:00
7.5,2016-01-25T17:35:38+01:00
12.6,2016-01-25T17:36:00+01:00
9.5,2016-01-25T17:36:22+01:00
8.3,2016-01-25T17:36:45+01:00
8.8,2016-01-25T17:37:07+01:00
11.3,2016-01-25T17:37:29+01:00
6.4,2016-01-25T17:37:52+01:00
21.4,2016-01-25T17:38:14+01:00
17.0,2016-01-25T17:38:36+01:00
13.0,2016-01-25T17:38:59+01:00
14.7,2016-01-25T17:39:21+01:00
16.8,2016-01-25T17:39:43+01:00
12.5,2016-01-25T17:40:05+01:00
13.3,2016-01-25T17:40:28+01:00
18.9,2016-01-25T17:40:50+01:00
9.3,2016-01-25T17:41:13+01:00
10.3,2016-01-25T17:41:35+01:00
11.0,2016-01-25T17:41:58+01:00
14.4,2016-01-25T17:42:20+01:00
9.3,2016-01-25T17:42:42+01:00
6.9,2016-01-25T17:43:04+01:00
10.2,2016-01-25T17:43:27+01:00
11.9,2016-01-25T17:43:49+01:00
8.6,2016-01-25T17:44:11+01:00
9.6,2016-01-25T17:44:34+01:00
9.8,2016-01-25T17:44:56+01:00
8.4,2016-01-25T17:45:18+01:00
10.5,2016-01-25T17:45:41+01:00
9.6,2016-01-25T17:46:03+01:00
9.0,2016-01-25T17:46:25+01:00
7.5,2016-01-25T17:46:48+01:00
7.7,2016-01-25T17:47:10+01:00
5.9,2016-01-25T17:47:33+01:00
5.6,2016-01-25T17:47:56+01:00
7.8,2016-01-25T17:48:18+01:00
7.5,2016-01-25T17:48:40+01:00
7.1,2016-01-25T17:49:03+01:00
9.1,2016-01-25T17:49:25+01:00
6.6,2016-01-25T17:49:47+01:00
5.9,2016-01-25T17:50:10+01:00
5.6,2016-01-25T17:50:32+01:00
6.5,2016-01-25T17:50:54+01:00
4.8,2016-01-25T17:51:16+01:00
6.5,2016-01-25T17:51:39+01:00
4.6,2016-01-25T17:52:01+01:00
4.8,2016-01-25T17:52:24+01:00
8.0,2016-01-25T17:52:46+01:00
4.7,2016-01-25T17:53:09+01:00
7.8,2016-01-25T17:53:31+01:00
6.9,2016-01-25T17:53:53+01:00
6.2,2016-01-25T17:54:15+01:00
4.5,2016-01-25T17:54:38+01:00
5.1,2016-01-25T17:55:01+01:00
6.3,2016-01-25T17:55:23+01:00
8.6,2016-01-25T17:55:45+01:00
9.7,2016-01-25T17:56:08+01:00
8.6,2016-01-25T17:56:30+01:00
8.1,2016-01-25T17:56:52+01:00
7.1,2016-01-25T17:57:15+01:00
7.2,2016-01-25T17:57:37+01:00
7.2,2016-01-25T17:57:59+01:00
7.1,2016-01-25T17:58:22+01:00
3.8,2016-01-25T17:58:44+01:00
6.0,2016-01-25T17:59:06+01:00
4.7,2016-01-25T17:59:28+01:00
10.0,2016-01-25T17:59:51+01:00
6.5,2016-01-25T18:00:14+01:00
9.5,2016-01-25T18:00:36+01:00
6.1,2016-01-25T18:00:58+01:00
7.9,2016-01-25T18:01:21+01:00
10.7,2016-01-25T18:01:43+01:00
11.6,2016-01-25T18:02:06+01:00
11.6,2016-01-25T18:02:28+01:00
10.1,2016-01-25T18:02:50+01:00
11.7,2016-01-25T18:03:13+01:00
13.6,2016-01-25T18:03:35+01:00
16.4,2016-01-25T18:03:57+01:00
6.7,2016-01-25T18:04:20+01:00
11.7,2016-01-25T18:04:42+01:00
10.5,2016-01-25T18:05:04+01:00
14.2,2016-01-25T18:05:27+01:00
14.0,2016-01-25T18:05:49+01:00
9.0,2016-01-25T18:06:11+01:00
14.4,2016-01-25T18:06:33+01:00
16.5,2016-01-25T18:06:56+01:00
23.3,2016-01-25T18:07:18+01:00
21.2,2016-01-25T18:07:41+01:00
15.2,2016-01-25T18:08:03+01:00
20.4,2016-01-25T18:08:25+01:00
23.6,2016-01-25T18:08:47+01:00
10.7,2016-01-25T18:09:10+01:00
19.3,2016-01-25T18:09:32+01:00
7.2,2016-01-25T18:09:54+01:00
9.0,2016-01-25T18:10:17+01:00
10.0,2016-01-25T18:10:39+01:00
12.5,2016-01-25T18:11:01+01:00
16.5,2016-01-25T18:11:24+01:00
16.7,2016-01-25T18:11:46+01:00
11.3,2016-01-25T18:12:08+01:00
11.8,2016-01-25T18:12:31+01:00
15.2,2016-01-25T18:12:53+01:00
9.4,2016-01-25T18:13:15+01:00
9.2,2016-01-25T18:13:38+01:00
11.8,2016-01-25T18:14:00+01:00
16.7,2016-01-25T18:14:22+01:00
11.8,2016-01-25T18:14:45+01:00
9.4,2016-01-25T18:15:07+01:00
10.1,2016-01-25T18:15:29+01:00
9.4,2016-01-25T18:15:52+01:00
11.6,2016-01-25T18:16:14+01:00
12.1,2016-01-25T18:16:36+01:00
13.3,2016-01-25T18:16:58+01:00
8.7,2016-01-25T18:17:21+01:00
8.2,2016-01-25T18:17:43+01:00
12.2,2016-01-25T18:18:05+01:00
13.0,2016-01-25T18:18:28+01:00
11.7,2016-01-25T18:18:50+01:00
7.7,2016-01-25T18:19:12+01:00
10.2,2016-01-25T18:19:35+01:00
13.5,2016-01-25T18:19:57+01:00
11.2,2016-01-25T18:20:19+01:00
13.1,2016-01-25T18:20:42+01:00
10.5,2016-01-25T18:21:04+01:00
10.0,2016-01-25T18:21:26+01:00
10.6,2016-01-25T18:21:49+01:00
13.9,2016-01-25T18:22:11+01:00
12.3,2016-01-25T18:22:33+01:00
17.0,2016-01-25T18:22:56+01:00
14.2,2016-01-25T18:23:18+01:00
14.9,2016-01-25T18:23:40+01:00
10.4,2016-01-25T18:24:03+01:00
14.5,2016-01-25T18:24:25+01:00
12.7,2016-01-25T18:24:47+01:00
12.2,2016-01-25T18:25:09+01:00
13.1,2016-01-25T18:25:32+01:00
9.8,2016-01-25T18:25:54+01:00
8.8,2016-01-25T18:26:16+01:00
9.5,2016-01-25T18:26:39+01:00
7.9,2016-01-25T18:27:01+01:00
11.2,2016-01-25T18:27:24+01:00
9.4,2016-01-25T18:27:46+01:00
9.2,2016-01-25T18:28:08+01:00
10.4,2016-01-25T18:28:31+01:00
10.5,2016-01-25T18:28:53+01:00
23.9,2016-01-25T18:29:15+01:00
10.7,2016-01-25T18:29:38+01:00
12.9,2016-01-25T18:30:00+01:00
17.9,2016-01-25T18:30:22+01:00
18.2,2016-01-25T18:30:45+01:00
20.9,2016-01-25T18:31:07+01:00
14.6,2016-01-25T18:31:29+01:00
10.9,2016-01-25T18:31:52+01:00
9.1,2016-01-25T18:32:14+01:00
10.2,2016-01-25T18:32:36+01:00
14.2,2016-01-25T18:32:59+01:00
13.7,2016-01-25T18:33:21+01:00
9.4,2016-01-25T18:33:43+01:00
12.6,2016-01-25T18:34:06+01:00
11.4,2016-01-25T18:34:28+01:00
9.8,2016-01-25T18:34:51+01:00
11.6,2016-01-25T18:35:13+01:00
10.8,2016-01-25T18:35:35+01:00
16.7,2016-01-25T18:35:58+01:00
7.3,2016-01-25T18:36:20+01:00
11.9,2016-01-25T18:36:42+01:00
5.1,2016-01-25T18:37:05+01:00
7.9,2016-01-25T18:37:27+01:00
7.3,2016-01-25T18:37:49+01:00
6.5,2016-01-25T18:38:12+01:00
5.7,2016-01-25T18:38:34+01:00
5.9,2016-01-25T18:38:56+01:00
6.2,2016-01-25T18:39:19+01:00
7.4,2016-01-25T18:39:41+01:00
9.3,2016-01-25T18:40:03+01:00
11.9,2016-01-25T18:40:26+01:00
18.0,2016-01-25T18:40:48+01:00
14.6,2016-01-25T18:41:11+01:00
6.4,2016-01-25T18:41:33+01:00
8.0,2016-01-25T18:41:55+01:00
11.9,2016-01-25T18:42:18+01:00
22.7,2016-01-25T18:42:40+01:00
8.4,2016-01-25T18:43:02+01:00
6.2,2016-01-25T18:43:25+01:00
7.9,2016-01-25T18:43:47+01:00
6.5,2016-01-25T18:44:09+01:00
3.7,2016-01-25T18:44:32+01:00
6.9,2016-01-25T18:44:54+01:00
8.6,2016-01-25T18:45:16+01:00
7.5,2016-01-25T18:45:39+01:00
7.5,2016-01-25T18:46:01+01:00
6.0,2016-01-25T18:46:24+01:00
4.9,2016-01-25T18:46:46+01:00
5.8,2016-01-25T18:47:09+01:00
5.8,2016-01-25T18:47:31+01:00
7.0,2016-01-25T18:47:53+01:00
6.7,2016-01-25T18:48:16+01:00
7.3,2016-01-25T18:48:38+01:00
5.4,2016-01-25T18:49:01+01:00
5.2,2016-01-25T18:49:23+01:00
5.5,2016-01-25T18:49:45+01:00
4.3,2016-01-25T18:50:08+01:00
3.7,2016-01-25T18:50:30+01:00
3.5,2016-01-25T18:50:52+01:00
3.6,2016-01-25T18:51:15+01:00
2.5,2016-01-25T18:51:38+01:00
2.8,2016-01-25T18:52:01+01:00
5.8,2016-01-25T18:52:23+01:00
3.6,2016-01-25T18:52:46+01:00
6.1,2016-01-25T18:53:08+01:00
6.4,2016-01-25T18:53:31+01:00
4.9,2016-01-25T18:53:53+01:00
3.5,2016-01-25T18:54:16+01:00
3.6,2016-01-25T18:54:38+01:00
2.8,2016-01-25T18:55:00+01:00
2.2,2016-01-25T18:55:23+01:00
3.8,2016-01-25T18:55:45+01:00
4.3,2016-01-25T18:56:08+01:00
4.5,2016-01-25T18:56:30+01:00
4.1,2016-01-25T18:56:52+01:00
4.2,2016-01-25T18:57:15+01:00
4.0,2016-01-25T18:57:37+01:00
6.1,2016-01-25T18:57:59+01:00
6.1,2016-01-25T18:58:22+01:00
6.4,2016-01-25T18:58:44+01:00
8.1,2016-01-25T18:59:06+01:00
8.0,2016-01-25T18:59:29+01:00
7.4,2016-01-25T18:59:52+01:00
7.2,2016-01-25T19:00:14+01:00
7.3,2016-01-25T19:00:36+01:00
7.0,2016-01-25T19:00:59+01:00
8.4,2016-01-25T19:01:21+01:00
12.7,2016-01-25T19:01:43+01:00
13.3,2016-01-25T19:02:06+01:00
10.6,2016-01-25T19:02:28+01:00
9.5,2016-01-25T19:02:51+01:00
10.4,2016-01-25T19:03:13+01:00
9.6,2016-01-25T19:03:35+01:00
10.9,2016-01-25T19:03:58+01:00
10.7,2016-01-25T19:04:20+01:00
12.9,2016-01-25T19:04:42+01:00
14.3,2016-01-25T19:05:05+01:00
12.1,2016-01-25T19:05:27+01:00
11.5,2016-01-25T19:05:49+01:00
11.6,2016-01-25T19:06:12+01:00
15.0,2016-01-25T19:06:34+01:00
12.9,2016-01-25T19:06:57+01:00
12.2,2016-01-25T19:07:19+01:00
12.2,2016-01-25T19:07:42+01:00
11.3,2016-01-25T19:08:04+01:00
12.2,2016-01-25T19:08:26+01:00
12.0,2016-01-25T19:08:49+01:00
10.2,2016-01-25T19:09:11+01:00
9.3,2016-01-25T19:09:33+01:00
13.0,2016-01-25T19:09:56+01:00
7.9,2016-01-25T19:10:18+01:00
12.5,2016-01-25T19:10:41+01:00
10.9,2016-01-25T19:11:03+01:00
11.1,2016-01-25T19:11:25+01:00
10.3,2016-01-25T19:11:48+01:00
10.2,2016-01-25T19:12:11+01:00
12.0,2016-01-25T19:12:33+01:00
14.5,2016-01-25T19:12:55+01:00
10.7,2016-01-25T19:13:18+01:00
12.4,2016-01-25T19:13:40+01:00
12.0,2016-01-25T19:14:02+01:00
13.0,2016-01-25T19:14:25+01:00
15.0,2016-01-25T19:14:47+01:00
15.7,2016-01-25T19:15:09+01:00
11.4,2016-01-25T19:15:32+01:00
18.2,2016-01-25T19:15:54+01:00
14.7,2016-01-25T19:16:17+01:00
16.2,2016-01-25T19:16:39+01:00
18.1,2016-01-25T19:17:01+01:00
13.0,2016-01-25T19:17:24+01:00
18.0,2016-01-25T19:17:46+01:00
17.6,2016-01-25T19:18:09+01:00
16.9,2016-01-25T19:18:31+01:00
18.7,2016-01-25T19:18:54+01:00
17.8,2016-01-25T19:19:16+01:00
16.1,2016-01-25T19:19:38+01:00
15.4,2016-01-25T19:20:01+01:00
16.2,2016-01-25T19:20:23+01:00
18.4,2016-01-25T19:20:45+01:00
15.0,2016-01-25T19:21:08+01:00
15.8,2016-01-25T19:21:30+01:00
16.9,2016-01-25T19:21:53+01:00
19.6,2016-01-25T19:22:15+01:00
18.4,2016-01-25T19:22:38+01:00
19.6,2016-01-25T19:23:00+01:00
18.8,2016-01-25T19:23:22+01:00
20.0,2016-01-25T19:23:45+01:00
20.6,2016-01-25T19:24:07+01:00
17.0,2016-01-25T19:24:29+01:00
18.3,2016-01-25T19:24:52+01:00
18.1,2016-01-25T19:25:14+01:00
12.9,2016-01-25T19:25:37+01:00
15.5,2016-01-25T19:25:59+01:00
18.0,2016-01-25T19:26:21+01:00
17.4,2016-01-25T19:26:44+01:00
19.9,2016-01-25T19:27:06+01:00
17.1,2016-01-25T19:27:28+01:00
13.9,2016-01-25T19:27:51+01:00
13.2,2016-01-25T19:28:13+01:00
11.9,2016-01-25T19:28:35+01:00
13.4,2016-01-25T19:28:58+01:00
12.9,2016-01-25T19:29:20+01:00
12.2,2016-01-25T19:29:43+01:00
13.5,2016-01-25T19:30:05+01:00
13.5,2016-01-25T19:30:27+01:00
13.1,2016-01-25T19:30:50+01:00
15.3,2016-01-25T19:31:12+01:00
12.2,2016-01-25T19:31:34+01:00
15.5,2016-01-25T19:31:57+01:00
14.9,2016-01-25T19:32:20+01:00
15.4,2016-01-25T19:32:42+01:00
15.2,2016-01-25T19:33:04+01:00
18.9,2016-01-25T19:33:27+01:00
16.5,2016-01-25T19:33:50+01:00
12.6,2016-01-25T19:34:12+01:00
7.0,2016-01-25T19:34:34+01:00
8.9,2016-01-25T19:34:57+01:00
12.4,2016-01-25T19:35:19+01:00
9.9,2016-01-25T19:35:41+01:00
7.9,2016-01-25T19:36:04+01:00
10.1,2016-01-25T19:36:26+01:00
11.1,2016-01-25T19:36:49+01:00
10.5,2016-01-25T19:37:11+01:00
11.4,2016-01-25T19:37:34+01:00
11.6,2016-01-25T19:37:56+01:00
10.4,2016-01-25T19:38:18+01:00
12.4,2016-01-25T19:38:41+01:00
13.6,2016-01-25T19:39:03+01:00
15.9,2016-01-25T19:39:26+01:00
13.0,2016-01-25T19:39:48+01:00
12.1,2016-01-25T19:40:10+01:00
12.3,2016-01-25T19:40:33+01:00
10.8,2016-01-25T19:40:55+01:00
11.7,2016-01-25T19:41:17+01:00
13.3,2016-01-25T19:41:40+01:00
11.1,2016-01-25T19:42:02+01:00
14.1,2016-01-25T19:42:25+01:00
14.6,2016-01-25T19:42:47+01:00
14.2,2016-01-25T19:43:09+01:00
16.0,2016-01-25T19:43:32+01:00
15.2,2016-01-25T19:43:54+01:00
16.4,2016-01-25T19:44:17+01:00
18.4,2016-01-25T19:44:39+01:00
18.5,2016-01-25T19:45:02+01:00
17.9,2016-01-25T19:45:24+01:00
15.4,2016-01-25T19:45:46+01:00
16.3,2016-01-25T19:46:09+01:00
18.4,2016-01-25T19:46:31+01:00
16.3,2016-01-25T19:46:53+01:00
18.1,2016-01-25T19:47:16+01:00
17.1,2016-01-25T19:47:39+01:00
17.7,2016-01-25T19:48:02+01:00
17.3,2016-01-25T19:48:24+01:00
18.2,2016-01-25T19:48:46+01:00
13.5,2016-01-25T19:49:09+01:00
18.1,2016-01-25T19:49:31+01:00
17.5,2016-01-25T19:49:53+01:00
24.2,2016-01-25T19:50:16+01:00
19.6,2016-01-25T19:50:38+01:00
17.8,2016-01-25T19:51:00+01:00
18.8,2016-01-25T19:51:23+01:00
20.2,2016-01-25T19:51:45+01:00
18.5,2016-01-25T19:52:08+01:00
19.1,2016-01-25T19:52:30+01:00
12.2,2016-01-25T19:52:52+01:00
18.1,2016-01-25T19:53:15+01:00
15.4,2016-01-25T19:53:37+01:00
11.5,2016-01-25T19:53:59+01:00
12.1,2016-01-25T19:54:22+01:00
12.4,2016-01-25T19:54:44+01:00
13.0,2016-01-25T19:55:06+01:00
12.9,2016-01-25T19:55:29+01:00
13.4,2016-01-25T19:55:52+01:00
15.3,2016-01-25T19:56:14+01:00
14.0,2016-01-25T19:56:36+01:00
8.7,2016-01-25T19:56:59+01:00
13.0,2016-01-25T19:57:22+01:00
14.6,2016-01-25T19:57:44+01:00
10.7,2016-01-25T19:58:06+01:00
13.1,2016-01-25T19:58:29+01:00
10.9,2016-01-25T19:58:51+01:00
11.9,2016-01-25T19:59:13+01:00
10.4,2016-01-25T19:59:36+01:00
10.0,2016-01-25T19:59:58+01:00
13.5,2016-01-25T20:00:21+01:00
13.5,2016-01-25T20:00:43+01:00
14.0,2016-01-25T20:01:06+01:00
15.2,2016-01-25T20:01:28+01:00
12.6,2016-01-25T20:01:50+01:00
15.3,2016-01-25T20:02:13+01:00
15.3,2016-01-25T20:02:35+01:00
17.2,2016-01-25T20:02:58+01:00
16.7,2016-01-25T20:03:20+01:00
18.2,2016-01-25T20:03:42+01:00
18.9,2016-01-25T20:04:05+01:00
19.8,2016-01-25T20:04:27+01:00
12.8,2016-01-25T20:04:49+01:00
16.5,2016-01-25T20:05:12+01:00
13.9,2016-01-25T20:05:34+01:00
16.0,2016-01-25T20:05:56+01:00
17.0,2016-01-25T20:06:19+01:00
18.9,2016-01-25T20:06:41+01:00
22.1,2016-01-25T20:07:04+01:00
21.3,2016-01-25T20:07:26+01:00
21.5,2016-01-25T20:07:48+01:00
21.8,2016-01-25T20:08:11+01:00
21.4,2016-01-25T20:08:33+01:00
21.8,2016-01-25T20:08:55+01:00
20.5,2016-01-25T20:09:18+01:00
15.8,2016-01-25T20:09:40+01:00
16.1,2016-01-25T20:10:03+01:00
20.6,2016-01-25T20:10:25+01:00
17.2,2016-01-25T20:10:48+01:00
11.3,2016-01-25T20:11:10+01:00
11.9,2016-01-25T20:11:32+01:00
11.8,2016-01-25T20:11:55+01:00
12.1,2016-01-25T20:12:17+01:00
10.4,2016-01-25T20:12:39+01:00
13.2,2016-01-25T20:13:02+01:00
9.0,2016-01-25T20:13:24+01:00
17.2,2016-01-25T20:13:46+01:00
18.9,2016-01-25T20:14:09+01:00
18.4,2016-01-25T20:14:31+01:00
18.3,2016-01-25T20:14:54+01:00
22.6,2016-01-25T20:15:16+01:00
19.2,2016-01-25T20:15:38+01:00
20.7,2016-01-25T20:16:01+01:00
22.6,2016-01-25T20:16:23+01:00
19.3,2016-01-25T20:16:45+01:00
20.0,2016-01-25T20:17:08+01:00
19.3,2016-01-25T20:17:30+01:00
16.9,2016-01-25T20:17:53+01:00
15.1,2016-01-25T20:18:15+01:00
10.2,2016-01-25T20:18:37+01:00
14.8,2016-01-25T20:19:00+01:00
16.1,2016-01-25T20:19:22+01:00
17.4,2016-01-25T20:19:44+01:00
19.3,2016-01-25T20:20:07+01:00
19.7,2016-01-25T20:20:30+01:00
21.0,2016-01-25T20:20:52+01:00
20.7,2016-01-25T20:21:14+01:00
20.8,2016-01-25T20:21:37+01:00
21.9,2016-01-25T20:22:00+01:00
21.2,2016-01-25T20:22:22+01:00
19.2,2016-01-25T20:22:45+01:00
17.6,2016-01-25T20:23:07+01:00
15.0,2016-01-25T20:23:29+01:00
18.6,2016-01-25T20:23:52+01:00
22.6,2016-01-25T20:24:14+01:00
21.6,2016-01-25T20:24:37+01:00
16.8,2016-01-25T20:24:59+01:00
18.2,2016-01-25T20:25:22+01:00
25.2,2016-01-25T20:25:45+01:00
21.8,2016-01-25T20:26:07+01:00
33.3,2016-01-25T20:26:29+01:00
19.5,2016-01-25T20:26:52+01:00
14.3,2016-01-25T20:27:14+01:00
16.4,2016-01-25T20:27:36+01:00
16.4,2016-01-25T20:27:59+01:00
18.7,2016-01-25T20:28:21+01:00
19.3,2016-01-25T20:28:43+01:00
16.9,2016-01-25T20:29:06+01:00
14.0,2016-01-25T20:29:28+01:00
15.1,2016-01-25T20:29:51+01:00
18.6,2016-01-25T20:30:13+01:00
19.5,2016-01-25T20:30:35+01:00
21.3,2016-01-25T20:30:58+01:00
23.6,2016-01-25T20:31:20+01:00
21.5,2016-01-25T20:31:42+01:00
20.2,2016-01-25T20:32:05+01:00
21.6,2016-01-25T20:32:27+01:00
23.8,2016-01-25T20:32:50+01:00
23.3,2016-01-25T20:33:12+01:00
24.6,2016-01-25T20:33:35+01:00
27.2,2016-01-25T20:33:57+01:00
30.0,2016-01-25T20:34:19+01:00
26.6,2016-01-25T20:34:42+01:00
23.9,2016-01-25T20:35:04+01:00
25.9,2016-01-25T20:35:27+01:00
24.5,2016-01-25T20:35:49+01:00
25.0,2016-01-25T20:36:11+01:00
25.0,2016-01-25T20:36:34+01:00
21.8,2016-01-25T20:36:56+01:00
23.3,2016-01-25T20:37:18+01:00
25.4,2016-01-25T20:37:41+01:00
25.1,2016-01-25T20:38:03+01:00
21.3,2016-01-25T20:38:26+01:00
24.8,2016-01-25T20:38:48+01:00
23.1,2016-01-25T20:39:10+01:00
25.3,2016-01-25T20:39:33+01:00
17.7,2016-01-25T20:39:55+01:00
21.7,2016-01-25T20:40:17+01:00
19.9,2016-01-25T20:40:40+01:00
19.3,2016-01-25T20:41:02+01:00
19.0,2016-01-25T20:41:24+01:00
15.3,2016-01-25T20:41:47+01:00
19.6,2016-01-25T20:42:09+01:00
19.5,2016-01-25T20:42:32+01:00
19.3,2016-01-25T20:42:54+01:00
22.1,2016-01-25T20:43:16+01:00
24.1,2016-01-25T20:43:39+01:00
21.7,2016-01-25T20:44:02+01:00
23.2,2016-01-25T20:44:24+01:00
25.5,2016-01-25T20:44:46+01:00
26.7,2016-01-25T20:45:09+01:00
27.3,2016-01-25T20:45:31+01:00
29.2,2016-01-25T20:45:53+01:00
28.7,2016-01-25T20:46:16+01:00
32.4,2016-01-25T20:46:38+01:00
29.8,2016-01-25T20:47:00+01:00
26.7,2016-01-25T20:47:23+01:00
25.8,2016-01-25T20:47:45+01:00
29.6,2016-01-25T20:48:08+01:00
25.8,2016-01-25T20:48:30+01:00
30.7,2016-01-25T20:48:52+01:00
28.5,2016-01-25T20:49:15+01:00
27.8,2016-01-25T20:49:37+01:00
30.3,2016-01-25T20:49:59+01:00
25.5,2016-01-25T20:50:22+01:00
25.9,2016-01-25T20:50:44+01:00
27.7,2016-01-25T20:51:06+01:00
25.0,2016-01-25T20:51:29+01:00
23.4,2016-01-25T20:51:51+01:00
29.3,2016-01-25T20:52:14+01:00
29.8,2016-01-25T20:52:36+01:00
26.4,2016-01-25T20:52:59+01:00
20.4,2016-01-25T20:53:21+01:00
20.8,2016-01-25T20:53:44+01:00
23.6,2016-01-25T20:54:06+01:00
26.0,2016-01-25T20:54:29+01:00
26.4,2016-01-25T20:54:51+01:00
24.6,2016-01-25T20:55:14+01:00
26.4,2016-01-25T20:55:36+01:00
26.6,2016-01-25T20:55:58+01:00
24.0,2016-01-25T20:56:21+01:00
23.8,2016-01-25T20:56:43+01:00
21.0,2016-01-25T20:57:05+01:00
23.8,2016-01-25T20:57:28+01:00
17.8,2016-01-25T20:57:51+01:00
20.1,2016-01-25T20:58:13+01:00
22.0,2016-01-25T20:58:35+01:00
21.5,2016-01-25T20:58:58+01:00
19.4,2016-01-25T20:59:20+01:00
17.3,2016-01-25T20:59:43+01:00
20.2,2016-01-25T21:00:05+01:00
15.6,2016-01-25T21:00:28+01:00
20.6,2016-01-25T21:00:50+01:00
16.9,2016-01-25T21:01:12+01:00
18.4,2016-01-25T21:01:35+01:00
17.5,2016-01-25T21:01:57+01:00
20.7,2016-01-25T21:02:19+01:00
19.2,2016-01-25T21:02:42+01:00
16.0,2016-01-25T21:03:04+01:00
10.7,2016-01-25T21:03:27+01:00
14.7,2016-01-25T21:03:49+01:00
16.4,2016-01-25T21:04:12+01:00
15.7,2016-01-25T21:04:34+01:00
19.0,2016-01-25T21:04:56+01:00
16.1,2016-01-25T21:05:19+01:00
18.9,2016-01-25T21:05:41+01:00
24.6,2016-01-25T21:06:03+01:00
16.3,2016-01-25T21:06:26+01:00
24.7,2016-01-25T21:06:49+01:00
23.7,2016-01-25T21:07:11+01:00
23.3,2016-01-25T21:07:33+01:00
20.7,2016-01-25T21:07:56+01:00
23.6,2016-01-25T21:08:18+01:00
22.1,2016-01-25T21:08:40+01:00
18.4,2016-01-25T21:09:03+01:00
17.9,2016-01-25T21:09:25+01:00
21.6,2016-01-25T21:09:48+01:00
24.5,2016-01-25T21:10:11+01:00
25.3,2016-01-25T21:10:33+01:00
26.6,2016-01-25T21:10:55+01:00
28.0,2016-01-25T21:11:18+01:00
25.7,2016-01-25T21:11:41+01:00
25.3,2016-01-25T21:12:03+01:00
29.9,2016-01-25T21:12:25+01:00
21.9,2016-01-25T21:12:48+01:00
25.9,2016-01-25T21:13:10+01:00
25.7,2016-01-25T21:13:32+01:00
33.4,2016-01-25T21:13:56+01:00
26.7,2016-01-25T21:14:18+01:00
25.4,2016-01-25T21:14:40+01:00
23.0,2016-01-25T21:15:03+01:00
27.3,2016-01-25T21:15:25+01:00
27.8,2016-01-25T21:15:48+01:00
26.1,2016-01-25T21:16:10+01:00
23.9,2016-01-25T21:16:32+01:00
14.7,2016-01-25T21:16:55+01:00
19.7,2016-01-25T21:17:17+01:00
29.2,2016-01-25T21:17:40+01:00
25.7,2016-01-25T21:18:03+01:00
21.1,2016-01-25T21:18:25+01:00
17.6,2016-01-25T21:18:47+01:00
22.3,2016-01-25T21:19:10+01:00
27.7,2016-01-25T21:19:32+01:00
29.0,2016-01-25T21:19:54+01:00
29.8,2016-01-25T21:20:17+01:00
28.4,2016-01-25T21:20:39+01:00
21.9,2016-01-25T21:21:01+01:00
11.9,2016-01-25T21:21:24+01:00
11.3,2016-01-25T21:21:46+01:00
23.2,2016-01-25T21:22:09+01:00
14.8,2016-01-25T21:22:31+01:00
2.0,2016-01-25T21:22:54+01:00
4.4,2016-01-25T21:23:16+01:00
15.8,2016-01-25T21:23:38+01:00
20.8,2016-01-25T21:24:01+01:00
23.0,2016-01-25T21:24:23+01:00
16.1,2016-01-25T21:24:45+01:00
26.3,2016-01-25T21:25:08+01:00
19.3,2016-01-25T21:25:30+01:00
18.2,2016-01-25T21:25:53+01:00
24.3,2016-01-25T21:26:15+01:00
17.6,2016-01-25T21:26:38+01:00
15.9,2016-01-25T21:27:01+01:00
23.9,2016-01-25T21:27:23+01:00
22.6,2016-01-25T21:27:45+01:00
22.7,2016-01-25T21:28:08+01:00
26.8,2016-01-25T21:28:30+01:00
17.2,2016-01-25T21:28:53+01:00
7.9,2016-01-25T21:29:15+01:00
13.2,2016-01-25T21:29:37+01:00
21.8,2016-01-25T21:30:00+01:00
17.8,2016-01-25T21:30:22+01:00
17.0,2016-01-25T21:30:44+01:00
21.9,2016-01-25T21:31:07+01:00
23.1,2016-01-25T21:31:29+01:00
10.1,2016-01-25T21:31:52+01:00
3.6,2016-01-25T21:32:14+01:00
18.2,2016-01-25T21:32:37+01:00
19.9,2016-01-25T21:32:59+01:00
17.7,2016-01-25T21:33:21+01:00
14.8,2016-01-25T21:33:44+01:00
21.6,2016-01-25T21:34:06+01:00
19.5,2016-01-25T21:34:28+01:00
17.6,2016-01-25T21:34:51+01:00
19.4,2016-01-25T21:35:13+01:00
12.2,2016-01-25T21:35:35+01:00
16.5,2016-01-25T21:35:58+01:00
21.7,2016-01-25T21:36:20+01:00
14.9,2016-01-25T21:36:43+01:00
21.8,2016-01-25T21:37:05+01:00
20.6,2016-01-25T21:37:27+01:00
20.8,2016-01-25T21:37:50+01:00
20.1,2016-01-25T21:38:12+01:00
17.4,2016-01-25T21:38:34+01:00
24.6,2016-01-25T21:38:57+01:00
15.7,2016-01-25T21:39:20+01:00
18.7,2016-01-25T21:39:42+01:00
20.3,2016-01-25T21:40:05+01:00
17.1,2016-01-25T21:40:27+01:00
18.2,2016-01-25T21:40:50+01:00
18.7,2016-01-25T21:41:12+01:00
19.4,2016-01-25T21:41:34+01:00
14.3,2016-01-25T21:41:57+01:00
13.9,2016-01-25T21:42:19+01:00
19.5,2016-01-25T21:42:41+01:00
22.0,2016-01-25T21:43:04+01:00
20.1,2016-01-25T21:43:26+01:00
21.6,2016-01-25T21:43:49+01:00
23.9,2016-01-25T21:44:11+01:00
20.6,2016-01-25T21:44:34+01:00
18.9,2016-01-25T21:44:56+01:00
18.1,2016-01-25T21:45:19+01:00
22.1,2016-01-25T21:45:42+01:00
26.6,2016-01-25T21:46:04+01:00
19.0,2016-01-25T21:46:26+01:00
12.6,2016-01-25T21:46:49+01:00
22.5,2016-01-25T21:47:11+01:00
16.9,2016-01-25T21:47:34+01:00
19.9,2016-01-25T21:47:56+01:00
26.5,2016-01-25T21:48:18+01:00
23.4,2016-01-25T21:48:41+01:00
24.1,2016-01-25T21:49:03+01:00
27.9,2016-01-25T21:49:25+01:00
22.9,2016-01-25T21:49:48+01:00
21.1,2016-01-25T21:50:10+01:00
23.4,2016-01-25T21:50:32+01:00
22.0,2016-01-25T21:50:55+01:00
18.7,2016-01-25T21:51:18+01:00
19.1,2016-01-25T21:51:40+01:00
22.3,2016-01-25T21:52:03+01:00
22.3,2016-01-25T21:52:25+01:00
20.4,2016-01-25T21:52:47+01:00
22.2,2016-01-25T21:53:10+01:00
23.9,2016-01-25T21:53:32+01:00
24.8,2016-01-25T21:53:54+01:00
24.1,2016-01-25T21:54:17+01:00
15.6,2016-01-25T21:54:39+01:00
22.5,2016-01-25T21:55:02+01:00
27.0,2016-01-25T21:55:24+01:00
22.9,2016-01-25T21:55:47+01:00
24.6,2016-01-25T21:56:09+01:00
25.2,2016-01-25T21:56:32+01:00
32.1,2016-01-25T21:56:54+01:00
27.5,2016-01-25T21:57:16+01:00
25.6,2016-01-25T21:57:39+01:00
26.1,2016-01-25T21:58:01+01:00
22.3,2016-01-25T21:58:23+01:00
21.8,2016-01-25T21:58:46+01:00
20.1,2016-01-25T21:59:08+01:00
23.4,2016-01-25T21:59:31+01:00
26.2,2016-01-25T21:59:53+01:00
19.8,2016-01-25T22:00:15+01:00
9.4,2016-01-25T22:00:38+01:00
22.8,2016-01-25T22:01:00+01:00
21.6,2016-01-25T22:01:22+01:00
25.2,2016-01-25T22:01:45+01:00
20.2,2016-01-25T22:02:08+01:00
25.3,2016-01-25T22:02:30+01:00
23.5,2016-01-25T22:02:53+01:00
28.7,2016-01-25T22:03:15+01:00
26.1,2016-01-25T22:03:37+01:00
29.5,2016-01-25T22:04:00+01:00
22.7,2016-01-25T22:04:22+01:00
20.4,2016-01-25T22:04:44+01:00
19.8,2016-01-25T22:05:07+01:00
25.9,2016-01-25T22:05:29+01:00
29.3,2016-01-25T22:05:51+01:00
22.4,2016-01-25T22:06:14+01:00
18.0,2016-01-25T22:06:36+01:00
20.1,2016-01-25T22:06:59+01:00
5.5,2016-01-25T22:07:21+01:00
8.7,2016-01-25T22:07:43+01:00
9.7,2016-01-25T22:08:06+01:00
11.5,2016-01-25T22:08:28+01:00
15.4,2016-01-25T22:08:50+01:00
16.3,2016-01-25T22:09:13+01:00
21.1,2016-01-25T22:09:35+01:00
14.9,2016-01-25T22:09:58+01:00
17.8,2016-01-25T22:10:21+01:00
15.8,2016-01-25T22:10:43+01:00
11.6,2016-01-25T22:11:05+01:00
12.4,2016-01-25T22:11:28+01:00
14.6,2016-01-25T22:11:50+01:00
14.8,2016-01-25T22:12:12+01:00
15.4,2016-01-25T22:12:35+01:00
16.3,2016-01-25T22:12:57+01:00
15.8,2016-01-25T22:13:20+01:00
16.7,2016-01-25T22:13:42+01:00
13.8,2016-01-25T22:14:05+01:00
16.9,2016-01-25T22:14:27+01:00
12.4,2016-01-25T22:14:50+01:00
9.7,2016-01-25T22:15:12+01:00
6.8,2016-01-25T22:15:34+01:00
7.7,2016-01-25T22:15:57+01:00
13.4,2016-01-25T22:16:19+01:00
14.3,2016-01-25T22:16:42+01:00
13.0,2016-01-25T22:17:04+01:00
12.3,2016-01-25T22:17:27+01:00
9.7,2016-01-25T22:17:49+01:00
10.3,2016-01-25T22:18:12+01:00
10.4,2016-01-25T22:18:34+01:00
13.6,2016-01-25T22:18:57+01:00
13.2,2016-01-25T22:19:19+01:00
11.4,2016-01-25T22:19:41+01:00
7.8,2016-01-25T22:20:04+01:00
7.4,2016-01-25T22:20:26+01:00
8.8,2016-01-25T22:20:49+01:00
10.4,2016-01-25T22:21:12+01:00
13.2,2016-01-25T22:21:35+01:00
16.7,2016-01-25T22:21:58+01:00
17.3,2016-01-25T22:22:20+01:00
18.0,2016-01-25T22:22:43+01:00
16.8,2016-01-25T22:23:05+01:00
13.6,2016-01-25T22:23:27+01:00
11.2,2016-01-25T22:23:50+01:00
12.1,2016-01-25T22:24:12+01:00
10.9,2016-01-25T22:24:34+01:00
11.6,2016-01-25T22:24:57+01:00
9.9,2016-01-25T22:25:19+01:00
12.7,2016-01-25T22:25:42+01:00
13.9,2016-01-25T22:26:04+01:00
13.6,2016-01-25T22:26:27+01:00
13.6,2016-01-25T22:26:49+01:00
13.7,2016-01-25T22:27:11+01:00
17.2,2016-01-25T22:27:34+01:00
18.0,2016-01-25T22:27:56+01:00
15.3,2016-01-25T22:28:18+01:00
19.2,2016-01-25T22:28:41+01:00
14.0,2016-01-25T22:29:03+01:00
13.9,2016-01-25T22:29:26+01:00
15.4,2016-01-25T22:29:49+01:00
8.9,2016-01-25T22:30:11+01:00
10.0,2016-01-25T22:30:33+01:00
6.9,2016-01-25T22:30:56+01:00
7.6,2016-01-25T22:31:18+01:00
12.4,2016-01-25T22:31:41+01:00
12.1,2016-01-25T22:32:04+01:00
13.8,2016-01-25T22:32:26+01:00
12.9,2016-01-25T22:32:49+01:00
16.5,2016-01-25T22:33:12+01:00
13.3,2016-01-25T22:33:34+01:00
14.4,2016-01-25T22:33:57+01:00
15.4,2016-01-25T22:34:20+01:00
12.9,2016-01-25T22:34:42+01:00
14.0,2016-01-25T22:35:04+01:00
14.9,2016-01-25T22:35:27+01:00
14.4,2016-01-25T22:35:49+01:00
13.2,2016-01-25T22:36:12+01:00
13.2,2016-01-25T22:36:35+01:00
12.3,2016-01-25T22:36:57+01:00
14.2,2016-01-25T22:37:19+01:00
14.3,2016-01-25T22:37:42+01:00
15.0,2016-01-25T22:38:04+01:00
17.2,2016-01-25T22:38:26+01:00
17.4,2016-01-25T22:38:49+01:00
35.6,2016-01-25T22:39:11+01:00
39.8,2016-01-25T22:39:33+01:00
27.3,2016-01-25T22:39:56+01:00
18.0,2016-01-25T22:40:18+01:00
12.9,2016-01-25T22:40:41+01:00
8.8,2016-01-25T22:41:03+01:00
8.0,2016-01-25T22:41:25+01:00
10.6,2016-01-25T22:41:48+01:00
9.2,2016-01-25T22:42:10+01:00
7.9,2016-01-25T22:42:32+01:00
9.1,2016-01-25T22:42:55+01:00
9.3,2016-01-25T22:43:17+01:00
7.8,2016-01-25T22:43:40+01:00
7.2,2016-01-25T22:44:03+01:00
7.8,2016-01-25T22:44:25+01:00
7.8,2016-01-25T22:44:48+01:00
8.8,2016-01-25T22:45:10+01:00
14.6,2016-01-25T22:45:33+01:00
12.8,2016-01-25T22:45:55+01:00
13.7,2016-01-25T22:46:17+01:00
20.4,2016-01-25T22:46:40+01:00
9.5,2016-01-25T22:47:02+01:00
9.8,2016-01-25T22:47:25+01:00
10.1,2016-01-25T22:47:47+01:00
9.3,2016-01-25T22:48:09+01:00
6.6,2016-01-25T22:48:32+01:00
8.5,2016-01-25T22:48:54+01:00
10.6,2016-01-25T22:49:16+01:00
11.9,2016-01-25T22:49:39+01:00
13.6,2016-01-25T22:50:01+01:00
13.1,2016-01-25T22:50:23+01:00
9.1,2016-01-25T22:50:46+01:00
7.6,2016-01-25T22:51:09+01:00
10.4,2016-01-25T22:51:31+01:00
8.0,2016-01-25T22:51:54+01:00
6.3,2016-01-25T22:52:16+01:00
9.4,2016-01-25T22:52:38+01:00
9.4,2016-01-25T22:53:01+01:00
12.7,2016-01-25T22:53:23+01:00
13.1,2016-01-25T22:53:45+01:00
15.6,2016-01-25T22:54:08+01:00
13.0,2016-01-25T22:54:30+01:00
15.7,2016-01-25T22:54:53+01:00
13.9,2016-01-25T22:55:16+01:00
10.1,2016-01-25T22:55:38+01:00
10.3,2016-01-25T22:56:00+01:00
11.3,2016-01-25T22:56:23+01:00
11.6,2016-01-25T22:56:46+01:00
12.0,2016-01-25T22:57:08+01:00
11.7,2016-01-25T22:57:30+01:00
10.8,2016-01-25T22:57:53+01:00
11.2,2016-01-25T22:58:15+01:00
11.2,2016-01-25T22:58:37+01:00
12.3,2016-01-25T22:59:00+01:00
10.5,2016-01-25T22:59:22+01:00
11.9,2016-01-25T22:59:45+01:00
12.3,2016-01-25T23:00:07+01:00
13.5,2016-01-25T23:00:30+01:00
12.9,2016-01-25T23:00:52+01:00
13.5,2016-01-25T23:01:14+01:00
6.7,2016-01-25T23:01:37+01:00
11.9,2016-01-25T23:01:59+01:00
12.2,2016-01-25T23:02:22+01:00
11.3,2016-01-25T23:02:44+01:00
12.6,2016-01-25T23:03:06+01:00
7.7,2016-01-25T23:03:29+01:00
10.5,2016-01-25T23:03:51+01:00
11.1,2016-01-25T23:04:14+01:00
12.0,2016-01-25T23:04:36+01:00
13.0,2016-01-25T23:04:58+01:00
11.6,2016-01-25T23:05:21+01:00
9.4,2016-01-25T23:05:43+01:00
12.1,2016-01-25T23:06:06+01:00
11.6,2016-01-25T23:06:28+01:00
10.7,2016-01-25T23:06:51+01:00
10.2,2016-01-25T23:07:13+01:00
10.1,2016-01-25T23:07:35+01:00
9.6,2016-01-25T23:07:58+01:00
10.3,2016-01-25T23:08:20+01:00
11.1,2016-01-25T23:08:42+01:00
9.5,2016-01-25T23:09:05+01:00
8.2,2016-01-25T23:09:27+01:00
7.7,2016-01-25T23:09:50+01:00
8.4,2016-01-25T23:10:12+01:00
9.3,2016-01-25T23:10:35+01:00
7.8,2016-01-25T23:10:57+01:00
9.9,2016-01-25T23:11:19+01:00
9.1,2016-01-25T23:11:42+01:00
9.1,2016-01-25T23:12:04+01:00
10.5,2016-01-25T23:12:26+01:00
12.9,2016-01-25T23:12:49+01:00
9.2,2016-01-25T23:13:11+01:00
9.1,2016-01-25T23:13:34+01:00
8.2,2016-01-25T23:13:56+01:00
7.5,2016-01-25T23:14:18+01:00
6.4,2016-01-25T23:14:41+01:00
7.4,2016-01-25T23:15:03+01:00
7.5,2016-01-25T23:15:26+01:00
8.6,2016-01-25T23:15:48+01:00
8.4,2016-01-25T23:16:10+01:00
8.7,2016-01-25T23:16:33+01:00
6.6,2016-01-25T23:16:55+01:00
8.1,2016-01-25T23:17:18+01:00
5.7,2016-01-25T23:17:40+01:00
6.5,2016-01-25T23:18:02+01:00
6.8,2016-01-25T23:18:25+01:00
8.5,2016-01-25T23:18:47+01:00
9.6,2016-01-25T23:19:10+01:00
9.8,2016-01-25T23:19:32+01:00
7.6,2016-01-25T23:19:54+01:00
10.4,2016-01-25T23:20:17+01:00
10.1,2016-01-25T23:20:39+01:00
8.4,2016-01-25T23:21:02+01:00
9.5,2016-01-25T23:21:24+01:00
9.6,2016-01-25T23:21:46+01:00
8.8,2016-01-25T23:22:09+01:00
9.6,2016-01-25T23:22:31+01:00
10.1,2016-01-25T23:22:53+01:00
8.8,2016-01-25T23:23:16+01:00
8.3,2016-01-25T23:23:38+01:00
7.7,2016-01-25T23:24:00+01:00
8.0,2016-01-25T23:24:23+01:00
8.0,2016-01-25T23:24:46+01:00
7.8,2016-01-25T23:25:08+01:00
8.4,2016-01-25T23:25:31+01:00
8.4,2016-01-25T23:25:53+01:00
8.8,2016-01-25T23:26:15+01:00
8.0,2016-01-25T23:26:38+01:00
7.7,2016-01-25T23:27:00+01:00
7.8,2016-01-25T23:27:22+01:00
8.0,2016-01-25T23:27:45+01:00
8.7,2016-01-25T23:28:07+01:00
8.1,2016-01-25T23:28:30+01:00
8.2,2016-01-25T23:28:52+01:00
9.0,2016-01-25T23:29:15+01:00
8.5,2016-01-25T23:29:37+01:00
8.5,2016-01-25T23:29:59+01:00
8.6,2016-01-25T23:30:22+01:00
9.5,2016-01-25T23:30:44+01:00
9.6,2016-01-25T23:31:06+01:00
9.3,2016-01-25T23:31:29+01:00
9.0,2016-01-25T23:31:52+01:00
8.3,2016-01-25T23:32:14+01:00
9.1,2016-01-25T23:32:37+01:00
9.4,2016-01-25T23:32:59+01:00
10.0,2016-01-25T23:33:21+01:00
10.6,2016-01-25T23:33:44+01:00
13.9,2016-01-25T23:34:06+01:00
19.9,2016-01-25T23:34:28+01:00
16.2,2016-01-25T23:34:51+01:00
11.7,2016-01-25T23:35:13+01:00
9.2,2016-01-25T23:35:36+01:00
10.3,2016-01-25T23:35:59+01:00
11.6,2016-01-25T23:36:22+01:00
11.0,2016-01-25T23:36:44+01:00
8.9,2016-01-25T23:37:06+01:00
10.9,2016-01-25T23:37:29+01:00
7.9,2016-01-25T23:37:51+01:00
6.7,2016-01-25T23:38:13+01:00
7.8,2016-01-25T23:38:36+01:00
6.3,2016-01-25T23:38:58+01:00
6.9,2016-01-25T23:39:21+01:00
5.1,2016-01-25T23:39:44+01:00
8.5,2016-01-25T23:40:06+01:00
8.1,2016-01-25T23:40:28+01:00
6.0,2016-01-25T23:40:51+01:00
6.2,2016-01-25T23:41:13+01:00
5.4,2016-01-25T23:41:35+01:00
5.4,2016-01-25T23:41:58+01:00
5.1,2016-01-25T23:42:20+01:00
6.4,2016-01-25T23:42:43+01:00
6.1,2016-01-25T23:43:05+01:00
9.8,2016-01-25T23:43:28+01:00
12.2,2016-01-25T23:43:50+01:00
9.7,2016-01-25T23:44:13+01:00
11.1,2016-01-25T23:44:35+01:00
8.1,2016-01-25T23:44:57+01:00
11.5,2016-01-25T23:45:20+01:00
14.8,2016-01-25T23:45:42+01:00
13.6,2016-01-25T23:46:04+01:00
10.2,2016-01-25T23:46:27+01:00
7.3,2016-01-25T23:46:49+01:00
11.1,2016-01-25T23:47:12+01:00
11.7,2016-01-25T23:47:34+01:00
11.5,2016-01-25T23:47:56+01:00
5.7,2016-01-25T23:48:19+01:00
7.9,2016-01-25T23:48:41+01:00
7.4,2016-01-25T23:49:04+01:00
8.5,2016-01-25T23:49:26+01:00
10.7,2016-01-25T23:49:48+01:00
10.6,2016-01-25T23:50:11+01:00
11.4,2016-01-25T23:50:33+01:00
10.6,2016-01-25T23:50:56+01:00
11.7,2016-01-25T23:51:19+01:00
11.6,2016-01-25T23:51:41+01:00
12.6,2016-01-25T23:52:04+01:00
11.0,2016-01-25T23:52:26+01:00
8.5,2016-01-25T23:52:48+01:00
9.9,2016-01-25T23:53:11+01:00
7.7,2016-01-25T23:53:34+01:00
8.7,2016-01-25T23:53:56+01:00
10.1,2016-01-25T23:54:18+01:00
9.2,2016-01-25T23:54:41+01:00
8.2,2016-01-25T23:55:03+01:00
7.7,2016-01-25T23:55:26+01:00
8.3,2016-01-25T23:55:49+01:00
6.8,2016-01-25T23:56:11+01:00
9.1,2016-01-25T23:56:33+01:00
8.2,2016-01-25T23:56:56+01:00
8.5,2016-01-25T23:57:18+01:00
6.4,2016-01-25T23:57:41+01:00
7.0,2016-01-25T23:58:03+01:00
8.7,2016-01-25T23:58:26+01:00
8.5,2016-01-25T23:58:48+01:00
6.8,2016-01-25T23:59:11+01:00
8.3,2016-01-25T23:59:33+01:00
4.7,2016-01-25T23:59:56+01:00
5.5,2016-01-26T00:00:18+01:00
6.9,2016-01-26T00:00:41+01:00
6.8,2016-01-26T00:01:03+01:00
6.2,2016-01-26T00:01:25+01:00
5.1,2016-01-26T00:01:48+01:00
5.8,2016-01-26T00:02:10+01:00
5.7,2016-01-26T00:02:33+01:00
6.2,2016-01-26T00:02:55+01:00
6.1,2016-01-26T00:03:18+01:00
6.3,2016-01-26T00:03:40+01:00
6.8,2016-01-26T00:04:03+01:00
7.2,2016-01-26T00:04:25+01:00
7.3,2016-01-26T00:04:47+01:00
8.1,2016-01-26T00:05:10+01:00
7.8,2016-01-26T00:05:32+01:00
6.4,2016-01-26T00:05:55+01:00
9.3,2016-01-26T00:06:17+01:00
8.8,2016-01-26T00:06:40+01:00
8.1,2016-01-26T00:07:02+01:00
9.4,2016-01-26T00:07:25+01:00
8.8,2016-01-26T00:07:47+01:00
7.5,2016-01-26T00:08:10+01:00
9.5,2016-01-26T00:08:32+01:00
9.2,2016-01-26T00:08:55+01:00
6.7,2016-01-26T00:09:17+01:00
6.3,2016-01-26T00:09:40+01:00
7.0,2016-01-26T00:10:02+01:00
7.2,2016-01-26T00:10:24+01:00
7.5,2016-01-26T00:10:47+01:00
6.8,2016-01-26T00:11:10+01:00
6.3,2016-01-26T00:11:32+01:00
6.8,2016-01-26T00:11:54+01:00
7.3,2016-01-26T00:12:17+01:00
7.2,2016-01-26T00:12:39+01:00
6.6,2016-01-26T00:13:01+01:00
6.2,2016-01-26T00:13:24+01:00
6.8,2016-01-26T00:13:46+01:00
7.8,2016-01-26T00:14:09+01:00
7.2,2016-01-26T00:14:32+01:00
6.8,2016-01-26T00:14:54+01:00
7.2,2016-01-26T00:15:16+01:00
8.1,2016-01-26T00:15:39+01:00
5.4,2016-01-26T00:16:01+01:00
4.7,2016-01-26T00:16:23+01:00
4.4,2016-01-26T00:16:46+01:00
4.9,2016-01-26T00:17:08+01:00
7.3,2016-01-26T00:17:31+01:00
5.1,2016-01-26T00:17:53+01:00
5.3,2016-01-26T00:18:15+01:00
6.2,2016-01-26T00:18:38+01:00
4.7,2016-01-26T00:19:00+01:00
4.9,2016-01-26T00:19:22+01:00
3.7,2016-01-26T00:19:45+01:00
3.3,2016-01-26T00:20:08+01:00
3.3,2016-01-26T00:20:30+01:00
5.1,2016-01-26T00:20:53+01:00
2.6,2016-01-26T00:21:15+01:00
3.6,2016-01-26T00:21:37+01:00
5.4,2016-01-26T00:22:00+01:00
3.8,2016-01-26T00:22:22+01:00
4.9,2016-01-26T00:22:45+01:00
5.5,2016-01-26T00:23:07+01:00
5.6,2016-01-26T00:23:30+01:00
5.1,2016-01-26T00:23:52+01:00
4.2,2016-01-26T00:24:14+01:00
5.0,2016-01-26T00:24:37+01:00
3.3,2016-01-26T00:25:00+01:00
5.4,2016-01-26T00:25:22+01:00
8.1,2016-01-26T00:25:44+01:00
7.0,2016-01-26T00:26:07+01:00
6.9,2016-01-26T00:26:29+01:00
9.5,2016-01-26T00:26:51+01:00
10.5,2016-01-26T00:27:14+01:00
11.3,2016-01-26T00:27:36+01:00
10.8,2016-01-26T00:27:58+01:00
8.3,2016-01-26T00:28:21+01:00
5.5,2016-01-26T00:28:43+01:00
5.3,2016-01-26T00:29:06+01:00
5.1,2016-01-26T00:29:28+01:00
3.8,2016-01-26T00:29:50+01:00
4.9,2016-01-26T00:30:13+01:00
5.8,2016-01-26T00:30:35+01:00
6.5,2016-01-26T00:30:58+01:00
6.4,2016-01-26T00:31:20+01:00
8.2,2016-01-26T00:31:43+01:00
6.7,2016-01-26T00:32:06+01:00
7.1,2016-01-26T00:32:28+01:00
8.6,2016-01-26T00:32:51+01:00
7.2,2016-01-26T00:33:13+01:00
5.9,2016-01-26T00:33:35+01:00
6.2,2016-01-26T00:33:58+01:00
7.0,2016-01-26T00:34:21+01:00
6.5,2016-01-26T00:34:43+01:00
6.3,2016-01-26T00:35:05+01:00
6.9,2016-01-26T00:35:28+01:00
7.7,2016-01-26T00:35:50+01:00
7.2,2016-01-26T00:36:13+01:00
8.2,2016-01-26T00:36:35+01:00
6.8,2016-01-26T00:36:57+01:00
6.8,2016-01-26T00:37:20+01:00
5.5,2016-01-26T00:37:43+01:00
6.4,2016-01-26T00:38:05+01:00
6.5,2016-01-26T00:38:27+01:00
7.0,2016-01-26T00:38:50+01:00
7.5,2016-01-26T00:39:12+01:00
7.7,2016-01-26T00:39:35+01:00
7.8,2016-01-26T00:39:57+01:00
7.9,2016-01-26T00:40:19+01:00
8.6,2016-01-26T00:40:42+01:00
8.1,2016-01-26T00:41:04+01:00
8.7,2016-01-26T00:41:27+01:00
9.6,2016-01-26T00:41:49+01:00
8.6,2016-01-26T00:42:11+01:00
7.6,2016-01-26T00:42:34+01:00
8.0,2016-01-26T00:42:56+01:00
9.1,2016-01-26T00:43:19+01:00
8.4,2016-01-26T00:43:41+01:00
8.3,2016-01-26T00:44:04+01:00
9.1,2016-01-26T00:44:27+01:00
9.6,2016-01-26T00:44:49+01:00
9.2,2016-01-26T00:45:12+01:00
9.5,2016-01-26T00:45:34+01:00
9.8,2016-01-26T00:45:56+01:00
9.9,2016-01-26T00:46:19+01:00
9.8,2016-01-26T00:46:41+01:00
9.7,2016-01-26T00:47:05+01:00
9.1,2016-01-26T00:47:27+01:00
9.1,2016-01-26T00:47:49+01:00
9.2,2016-01-26T00:48:12+01:00
9.0,2016-01-26T00:48:34+01:00
9.2,2016-01-26T00:48:56+01:00
9.1,2016-01-26T00:49:19+01:00
8.3,2016-01-26T00:49:41+01:00
8.4,2016-01-26T00:50:04+01:00
8.4,2016-01-26T00:50:27+01:00
7.9,2016-01-26T00:50:50+01:00
7.7,2016-01-26T00:51:12+01:00
8.1,2016-01-26T00:51:34+01:00
7.9,2016-01-26T00:51:57+01:00
7.8,2016-01-26T00:52:19+01:00
7.8,2016-01-26T00:52:41+01:00
7.4,2016-01-26T00:53:04+01:00
7.6,2016-01-26T00:53:27+01:00
7.2,2016-01-26T00:53:49+01:00
8.2,2016-01-26T00:54:12+01:00
7.3,2016-01-26T00:54:35+01:00
7.7,2016-01-26T00:54:57+01:00
5.4,2016-01-26T00:55:20+01:00
6.2,2016-01-26T00:55:43+01:00
6.8,2016-01-26T00:56:05+01:00
7.4,2016-01-26T00:56:27+01:00
8.7,2016-01-26T00:56:50+01:00
6.9,2016-01-26T00:57:12+01:00
7.2,2016-01-26T00:57:34+01:00
7.1,2016-01-26T00:57:57+01:00
6.7,2016-01-26T00:58:19+01:00
7.2,2016-01-26T00:58:42+01:00
7.5,2016-01-26T00:59:04+01:00
7.9,2016-01-26T00:59:27+01:00
8.2,2016-01-26T00:59:49+01:00
7.0,2016-01-26T01:00:11+01:00
5.6,2016-01-26T01:00:34+01:00
5.2,2016-01-26T01:00:56+01:00
4.3,2016-01-26T01:01:18+01:00
5.0,2016-01-26T01:01:41+01:00
5.1,2016-01-26T01:02:03+01:00
5.2,2016-01-26T01:02:26+01:00
5.3,2016-01-26T01:02:48+01:00
5.0,2016-01-26T01:03:11+01:00
3.7,2016-01-26T01:03:33+01:00
5.3,2016-01-26T01:03:55+01:00
3.5,2016-01-26T01:04:18+01:00
4.3,2016-01-26T01:04:40+01:00
4.4,2016-01-26T01:05:03+01:00
4.4,2016-01-26T01:05:25+01:00
4.3,2016-01-26T01:05:48+01:00
3.6,2016-01-26T01:06:10+01:00
4.4,2016-01-26T01:06:32+01:00
4.5,2016-01-26T01:06:55+01:00
5.3,2016-01-26T01:07:17+01:00
5.1,2016-01-26T01:07:39+01:00
4.8,2016-01-26T01:08:02+01:00
5.6,2016-01-26T01:08:25+01:00
5.8,2016-01-26T01:08:48+01:00
4.9,2016-01-26T01:09:10+01:00
4.7,2016-01-26T01:09:33+01:00
3.7,2016-01-26T01:09:55+01:00
3.4,2016-01-26T01:10:17+01:00
4.6,2016-01-26T01:10:40+01:00
4.4,2016-01-26T01:11:02+01:00
4.6,2016-01-26T01:11:24+01:00
4.8,2016-01-26T01:11:47+01:00
4.6,2016-01-26T01:12:10+01:00
5.2,2016-01-26T01:12:32+01:00
4.7,2016-01-26T01:12:54+01:00
4.3,2016-01-26T01:13:17+01:00
3.2,2016-01-26T01:13:39+01:00
1.8,2016-01-26T01:14:02+01:00
1.5,2016-01-26T01:14:25+01:00
3.8,2016-01-26T01:14:47+01:00
7.0,2016-01-26T01:15:09+01:00
5.8,2016-01-26T01:15:32+01:00
5.3,2016-01-26T01:15:54+01:00
5.3,2016-01-26T01:16:16+01:00
4.6,2016-01-26T01:16:39+01:00
4.8,2016-01-26T01:17:02+01:00
3.6,2016-01-26T01:17:24+01:00
4.2,2016-01-26T01:17:47+01:00
5.4,2016-01-26T01:18:09+01:00
7.5,2016-01-26T01:18:32+01:00
7.0,2016-01-26T01:18:54+01:00
3.7,2016-01-26T01:19:16+01:00
5.5,2016-01-26T01:19:39+01:00
5.3,2016-01-26T01:20:01+01:00
5.5,2016-01-26T01:20:23+01:00
5.2,2016-01-26T01:20:46+01:00
7.0,2016-01-26T01:21:09+01:00
3.8,2016-01-26T01:21:31+01:00
3.3,2016-01-26T01:21:53+01:00
2.6,2016-01-26T01:22:16+01:00
2.7,2016-01-26T01:22:38+01:00
4.9,2016-01-26T01:23:00+01:00
5.2,2016-01-26T01:23:23+01:00
5.1,2016-01-26T01:23:45+01:00
6.0,2016-01-26T01:24:07+01:00
4.0,2016-01-26T01:24:30+01:00
2.4,2016-01-26T01:24:52+01:00
2.9,2016-01-26T01:25:15+01:00
3.1,2016-01-26T01:25:37+01:00
3.9,2016-01-26T01:26:00+01:00
4.6,2016-01-26T01:26:22+01:00
4.3,2016-01-26T01:26:45+01:00
4.7,2016-01-26T01:27:07+01:00
5.9,2016-01-26T01:27:30+01:00
5.7,2016-01-26T01:27:52+01:00
6.7,2016-01-26T01:28:16+01:00
6.3,2016-01-26T01:28:38+01:00
4.0,2016-01-26T01:29:00+01:00
5.3,2016-01-26T01:29:23+01:00
7.5,2016-01-26T01:29:45+01:00
5.5,2016-01-26T01:30:07+01:00
6.0,2016-01-26T01:30:30+01:00
6.6,2016-01-26T01:30:52+01:00
8.1,2016-01-26T01:31:14+01:00
5.0,2016-01-26T01:31:37+01:00
7.2,2016-01-26T01:32:00+01:00
6.0,2016-01-26T01:32:22+01:00
3.8,2016-01-26T01:32:44+01:00
3.6,2016-01-26T01:33:07+01:00
3.6,2016-01-26T01:33:29+01:00
4.4,2016-01-26T01:33:51+01:00
5.9,2016-01-26T01:34:14+01:00
5.3,2016-01-26T01:34:36+01:00
5.9,2016-01-26T01:34:59+01:00
4.0,2016-01-26T01:35:21+01:00
2.5,2016-01-26T01:35:44+01:00
4.0,2016-01-26T01:36:06+01:00
4.3,2016-01-26T01:36:28+01:00
4.0,2016-01-26T01:36:51+01:00
5.4,2016-01-26T01:37:13+01:00
4.9,2016-01-26T01:37:36+01:00
4.1,2016-01-26T01:37:58+01:00
4.4,2016-01-26T01:38:20+01:00
4.3,2016-01-26T01:38:43+01:00
3.6,2016-01-26T01:39:05+01:00
2.5,2016-01-26T01:39:28+01:00
2.5,2016-01-26T01:39:51+01:00
2.4,2016-01-26T01:40:13+01:00
2.1,2016-01-26T01:40:35+01:00
2.2,2016-01-26T01:40:58+01:00
2.0,2016-01-26T01:41:20+01:00
2.0,2016-01-26T01:41:43+01:00
0.8,2016-01-26T01:42:05+01:00
1.1,2016-01-26T01:42:27+01:00
2.1,2016-01-26T01:42:50+01:00
2.2,2016-01-26T01:43:13+01:00
2.8,2016-01-26T01:43:35+01:00
1.8,2016-01-26T01:43:58+01:00
0.3,2016-01-26T01:44:20+01:00
0.3,2016-01-26T01:44:42+01:00
2.7,2016-01-26T01:45:05+01:00
3.0,2016-01-26T01:45:27+01:00
2.2,2016-01-26T01:45:50+01:00
2.6,2016-01-26T01:46:12+01:00
3.8,2016-01-26T01:46:34+01:00
3.6,2016-01-26T01:46:57+01:00
4.8,2016-01-26T01:47:19+01:00
4.2,2016-01-26T01:47:42+01:00
3.4,2016-01-26T01:48:04+01:00
3.3,2016-01-26T01:48:26+01:00
3.3,2016-01-26T01:48:49+01:00
3.4,2016-01-26T01:49:12+01:00
1.9,2016-01-26T01:49:34+01:00
1.3,2016-01-26T01:49:56+01:00
2.9,2016-01-26T01:50:19+01:00
4.1,2016-01-26T01:50:42+01:00
2.5,2016-01-26T01:51:04+01:00
2.9,2016-01-26T01:51:27+01:00
2.0,2016-01-26T01:51:50+01:00
1.6,2016-01-26T01:52:12+01:00
1.4,2016-01-26T01:52:34+01:00
1.9,2016-01-26T01:52:57+01:00
1.6,2016-01-26T01:53:19+01:00
1.4,2016-01-26T01:53:41+01:00
1.2,2016-01-26T01:54:04+01:00
1.4,2016-01-26T01:54:27+01:00
3.5,2016-01-26T01:54:49+01:00
3.4,2016-01-26T01:55:12+01:00
1.7,2016-01-26T01:55:35+01:00
4.2,2016-01-26T01:55:57+01:00
3.2,2016-01-26T01:56:20+01:00
1.5,2016-01-26T01:56:42+01:00
3.6,2016-01-26T01:57:05+01:00
1.5,2016-01-26T01:57:27+01:00
1.7,2016-01-26T01:57:50+01:00
3.7,2016-01-26T01:58:12+01:00
2.3,2016-01-26T01:58:35+01:00
1.0,2016-01-26T01:58:57+01:00
1.8,2016-01-26T01:59:20+01:00
2.3,2016-01-26T01:59:43+01:00
1.7,2016-01-26T02:00:05+01:00
1.9,2016-01-26T02:00:27+01:00
2.4,2016-01-26T02:00:50+01:00
2.8,2016-01-26T02:01:12+01:00
3.1,2016-01-26T02:01:34+01:00
2.8,2016-01-26T02:01:57+01:00
2.7,2016-01-26T02:02:19+01:00
3.3,2016-01-26T02:02:42+01:00
3.7,2016-01-26T02:03:04+01:00
4.4,2016-01-26T02:03:27+01:00
4.5,2016-01-26T02:03:49+01:00
4.2,2016-01-26T02:04:11+01:00
3.6,2016-01-26T02:04:34+01:00
3.0,2016-01-26T02:04:56+01:00
4.2,2016-01-26T02:05:19+01:00
6.1,2016-01-26T02:05:41+01:00
2.7,2016-01-26T02:06:04+01:00
3.5,2016-01-26T02:06:26+01:00
4.9,2016-01-26T02:06:49+01:00
5.5,2016-01-26T02:07:11+01:00
2.7,2016-01-26T02:07:33+01:00
1.9,2016-01-26T02:07:56+01:00
2.5,2016-01-26T02:08:18+01:00
2.3,2016-01-26T02:08:41+01:00
1.2,2016-01-26T02:09:03+01:00
1.1,2016-01-26T02:09:27+01:00
2.3,2016-01-26T02:09:49+01:00
2.9,2016-01-26T02:10:12+01:00
3.2,2016-01-26T02:10:34+01:00
2.8,2016-01-26T02:10:56+01:00
2.8,2016-01-26T02:11:19+01:00
3.2,2016-01-26T02:11:41+01:00
2.3,2016-01-26T02:12:04+01:00
1.5,2016-01-26T02:12:26+01:00
1.9,2016-01-26T02:12:49+01:00
2.4,2016-01-26T02:13:12+01:00
2.4,2016-01-26T02:13:34+01:00
3.0,2016-01-26T02:13:56+01:00
3.0,2016-01-26T02:14:19+01:00
2.5,2016-01-26T02:14:42+01:00
1.8,2016-01-26T02:15:04+01:00
1.5,2016-01-26T02:15:26+01:00
2.0,2016-01-26T02:15:49+01:00
2.1,2016-01-26T02:16:12+01:00
2.4,2016-01-26T02:16:34+01:00
2.4,2016-01-26T02:16:57+01:00
2.6,2016-01-26T02:17:19+01:00
3.0,2016-01-26T02:17:42+01:00
2.6,2016-01-26T02:18:04+01:00
3.0,2016-01-26T02:18:26+01:00
3.0,2016-01-26T02:18:49+01:00
2.1,2016-01-26T02:19:11+01:00
2.0,2016-01-26T02:19:33+01:00
3.1,2016-01-26T02:19:56+01:00
3.7,2016-01-26T02:20:19+01:00
3.9,2016-01-26T02:20:42+01:00
3.2,2016-01-26T02:21:04+01:00
3.0,2016-01-26T02:21:26+01:00
2.1,2016-01-26T02:21:49+01:00
1.4,2016-01-26T02:22:11+01:00
1.1,2016-01-26T02:22:34+01:00
1.5,2016-01-26T02:22:56+01:00
2.1,2016-01-26T02:23:18+01:00
2.6,2016-01-26T02:23:41+01:00
1.9,2016-01-26T02:24:03+01:00
2.1,2016-01-26T02:24:26+01:00
2.4,2016-01-26T02:24:49+01:00
1.8,2016-01-26T02:25:12+01:00
1.5,2016-01-26T02:25:35+01:00
0.9,2016-01-26T02:25:57+01:00
1.5,2016-01-26T02:26:20+01:00
1.9,2016-01-26T02:26:42+01:00
2.0,2016-01-26T02:27:05+01:00
0.9,2016-01-26T02:27:27+01:00
0.9,2016-01-26T02:27:50+01:00
0.8,2016-01-26T02:28:13+01:00
0.9,2016-01-26T02:28:35+01:00
0.6,2016-01-26T02:28:58+01:00
1.2,2016-01-26T02:29:20+01:00
1.3,2016-01-26T02:29:42+01:00
0.8,2016-01-26T02:30:05+01:00
0.8,2016-01-26T02:30:27+01:00
0.9,2016-01-26T02:30:50+01:00
1.2,2016-01-26T02:31:12+01:00
1.1,2016-01-26T02:31:34+01:00
1.2,2016-01-26T02:31:57+01:00
1.0,2016-01-26T02:32:19+01:00
0.9,2016-01-26T02:32:42+01:00
1.0,2016-01-26T02:33:04+01:00
0.9,2016-01-26T02:33:27+01:00
0.8,2016-01-26T02:33:49+01:00
0.5,2016-01-26T02:34:12+01:00
0.7,2016-01-26T02:34:34+01:00
0.8,2016-01-26T02:34:57+01:00
0.6,2016-01-26T02:35:19+01:00
0.6,2016-01-26T02:35:42+01:00
0.7,2016-01-26T02:36:05+01:00
0.6,2016-01-26T02:36:27+01:00
0.7,2016-01-26T02:36:49+01:00
0.8,2016-01-26T02:37:12+01:00
0.9,2016-01-26T02:37:34+01:00
0.9,2016-01-26T02:37:57+01:00
1.0,2016-01-26T02:38:19+01:00
0.9,2016-01-26T02:38:42+01:00
0.8,2016-01-26T02:39:04+01:00
0.5,2016-01-26T02:39:27+01:00
0.4,2016-01-26T02:39:49+01:00
0.5,2016-01-26T02:40:11+01:00
0.5,2016-01-26T02:40:34+01:00
0.6,2016-01-26T02:40:57+01:00
0.7,2016-01-26T02:41:19+01:00
0.4,2016-01-26T02:41:42+01:00
0.4,2016-01-26T02:42:04+01:00
0.6,2016-01-26T02:42:26+01:00
0.6,2016-01-26T02:42:49+01:00
0.6,2016-01-26T02:43:12+01:00
0.9,2016-01-26T02:43:34+01:00
1.6,2016-01-26T02:43:56+01:00
1.4,2016-01-26T02:44:19+01:00
0.8,2016-01-26T02:44:41+01:00
1.1,2016-01-26T02:45:04+01:00
0.7,2016-01-26T02:45:26+01:00
0.7,2016-01-26T02:45:48+01:00
0.9,2016-01-26T02:46:11+01:00
1.1,2016-01-26T02:46:33+01:00
1.1,2016-01-26T02:46:56+01:00
1.4,2016-01-26T02:47:18+01:00
2.0,2016-01-26T02:47:41+01:00
1.6,2016-01-26T02:48:03+01:00
1.1,2016-01-26T02:48:26+01:00
1.1,2016-01-26T02:48:48+01:00
1.3,2016-01-26T02:49:10+01:00
1.1,2016-01-26T02:49:33+01:00
1.3,2016-01-26T02:49:55+01:00
1.2,2016-01-26T02:50:17+01:00
1.3,2016-01-26T02:50:40+01:00
1.3,2016-01-26T02:51:03+01:00
1.2,2016-01-26T02:51:25+01:00
1.3,2016-01-26T02:51:47+01:00
1.1,2016-01-26T02:52:10+01:00
1.3,2016-01-26T02:52:32+01:00
1.5,2016-01-26T02:52:55+01:00
1.5,2016-01-26T02:53:17+01:00
1.4,2016-01-26T02:53:39+01:00
1.4,2016-01-26T02:54:02+01:00
1.5,2016-01-26T02:54:25+01:00
1.5,2016-01-26T02:54:47+01:00
1.6,2016-01-26T02:55:10+01:00
1.6,2016-01-26T02:55:32+01:00
1.8,2016-01-26T02:55:55+01:00
1.8,2016-01-26T02:56:17+01:00
1.9,2016-01-26T02:56:39+01:00
1.6,2016-01-26T02:57:02+01:00
1.6,2016-01-26T02:57:24+01:00
1.5,2016-01-26T02:57:47+01:00
1.1,2016-01-26T02:58:10+01:00
1.0,2016-01-26T02:58:33+01:00
1.4,2016-01-26T02:58:55+01:00
1.4,2016-01-26T02:59:18+01:00
1.5,2016-01-26T02:59:40+01:00
3.0,2016-01-26T03:00:02+01:00
2.6,2016-01-26T03:00:25+01:00
1.7,2016-01-26T03:00:47+01:00
1.8,2016-01-26T03:01:10+01:00
2.3,2016-01-26T03:01:32+01:00
1.8,2016-01-26T03:01:56+01:00
1.4,2016-01-26T03:02:18+01:00
3.5,2016-01-26T03:02:40+01:00
1.5,2016-01-26T03:03:03+01:00
1.9,2016-01-26T03:03:25+01:00
2.7,2016-01-26T03:03:48+01:00
1.7,2016-01-26T03:04:11+01:00
2.0,2016-01-26T03:04:33+01:00
2.6,2016-01-26T03:04:56+01:00
2.1,2016-01-26T03:05:18+01:00
2.8,2016-01-26T03:05:41+01:00
3.1,2016-01-26T03:06:03+01:00
3.2,2016-01-26T03:06:26+01:00
3.6,2016-01-26T03:06:48+01:00
2.5,2016-01-26T03:07:11+01:00
1.7,2016-01-26T03:07:34+01:00
2.3,2016-01-26T03:07:57+01:00
3.3,2016-01-26T03:08:19+01:00
2.0,2016-01-26T03:08:41+01:00
1.7,2016-01-26T03:09:04+01:00
1.8,2016-01-26T03:09:27+01:00
1.7,2016-01-26T03:09:49+01:00
1.7,2016-01-26T03:10:12+01:00
1.5,2016-01-26T03:10:34+01:00
2.3,2016-01-26T03:10:57+01:00
2.3,2016-01-26T03:11:19+01:00
2.6,2016-01-26T03:11:41+01:00
3.1,2016-01-26T03:12:04+01:00
3.0,2016-01-26T03:12:27+01:00
2.9,2016-01-26T03:12:49+01:00
3.0,2016-01-26T03:13:12+01:00
2.9,2016-01-26T03:13:34+01:00
2.8,2016-01-26T03:13:57+01:00
4.3,2016-01-26T03:14:19+01:00
4.2,2016-01-26T03:14:42+01:00
3.2,2016-01-26T03:15:05+01:00
2.5,2016-01-26T03:15:27+01:00
2.4,2016-01-26T03:15:50+01:00
1.8,2016-01-26T03:16:13+01:00
2.4,2016-01-26T03:16:35+01:00
3.6,2016-01-26T03:17:00+01:00
3.6,2016-01-26T03:17:22+01:00
2.8,2016-01-26T03:17:45+01:00
2.8,2016-01-26T03:18:07+01:00
3.7,2016-01-26T03:18:30+01:00
3.4,2016-01-26T03:18:52+01:00
4.1,2016-01-26T03:19:15+01:00
5.2,2016-01-26T03:19:38+01:00
3.9,2016-01-26T03:20:00+01:00
4.6,2016-01-26T03:20:22+01:00
6.3,2016-01-26T03:20:45+01:00
3.7,2016-01-26T03:21:08+01:00
3.5,2016-01-26T03:21:30+01:00
3.7,2016-01-26T03:21:53+01:00
2.3,2016-01-26T03:22:15+01:00
2.8,2016-01-26T03:22:37+01:00
3.0,2016-01-26T03:23:00+01:00
4.1,2016-01-26T03:23:22+01:00
3.5,2016-01-26T03:23:45+01:00
2.7,2016-01-26T03:24:07+01:00
1.7,2016-01-26T03:24:30+01:00
1.7,2016-01-26T03:24:52+01:00
3.2,2016-01-26T03:25:15+01:00
2.5,2016-01-26T03:25:37+01:00
2.7,2016-01-26T03:25:59+01:00
1.5,2016-01-26T03:26:22+01:00
1.2,2016-01-26T03:26:44+01:00
1.3,2016-01-26T03:27:07+01:00
1.8,2016-01-26T03:27:30+01:00
2.2,2016-01-26T03:27:52+01:00
1.9,2016-01-26T03:28:15+01:00
2.1,2016-01-26T03:28:37+01:00
2.1,2016-01-26T03:29:00+01:00
1.3,2016-01-26T03:29:22+01:00
1.6,2016-01-26T03:29:45+01:00
2.9,2016-01-26T03:30:07+01:00
2.1,2016-01-26T03:30:30+01:00
2.5,2016-01-26T03:30:52+01:00
2.0,2016-01-26T03:31:15+01:00
1.6,2016-01-26T03:31:37+01:00
0.9,2016-01-26T03:32:00+01:00
2.3,2016-01-26T03:32:22+01:00
3.5,2016-01-26T03:32:45+01:00
4.1,2016-01-26T03:33:07+01:00
3.8,2016-01-26T03:33:29+01:00
2.8,2016-01-26T03:33:52+01:00
3.9,2016-01-26T03:34:14+01:00
2.4,2016-01-26T03:34:37+01:00
2.2,2016-01-26T03:34:59+01:00
2.9,2016-01-26T03:35:21+01:00
3.2,2016-01-26T03:35:44+01:00
3.7,2016-01-26T03:36:07+01:00
3.3,2016-01-26T03:36:29+01:00
2.1,2016-01-26T03:36:52+01:00
1.3,2016-01-26T03:37:14+01:00
1.3,2016-01-26T03:37:36+01:00
1.5,2016-01-26T03:37:59+01:00
2.1,2016-01-26T03:38:21+01:00
1.7,2016-01-26T03:38:44+01:00
1.3,2016-01-26T03:39:06+01:00
2.8,2016-01-26T03:39:32+01:00
2.4,2016-01-26T03:39:55+01:00
1.3,2016-01-26T03:40:17+01:00
1.8,2016-01-26T03:40:40+01:00
2.7,2016-01-26T03:41:02+01:00
1.8,2016-01-26T03:41:25+01:00
1.8,2016-01-26T03:41:48+01:00
2.8,2016-01-26T03:42:10+01:00
2.3,2016-01-26T03:42:33+01:00
3.4,2016-01-26T03:42:55+01:00
3.7,2016-01-26T03:43:18+01:00
2.2,2016-01-26T03:43:40+01:00
0.5,2016-01-26T03:44:03+01:00
3.2,2016-01-26T03:44:26+01:00
3.4,2016-01-26T03:44:48+01:00
3.5,2016-01-26T03:45:10+01:00
1.2,2016-01-26T03:45:33+01:00
1.6,2016-01-26T03:45:55+01:00
2.3,2016-01-26T03:46:18+01:00
1.6,2016-01-26T03:46:40+01:00
0.6,2016-01-26T03:47:04+01:00
2.7,2016-01-26T03:47:27+01:00
3.5,2016-01-26T03:47:49+01:00
3.2,2016-01-26T03:48:12+01:00
2.5,2016-01-26T03:48:34+01:00
2.2,2016-01-26T03:48:56+01:00
1.7,2016-01-26T03:49:19+01:00
2.8,2016-01-26T03:49:41+01:00
4.2,2016-01-26T03:50:04+01:00
4.7,2016-01-26T03:50:27+01:00
4.2,2016-01-26T03:50:52+01:00
4.2,2016-01-26T03:51:15+01:00
5.0,2016-01-26T03:51:37+01:00
5.2,2016-01-26T03:52:00+01:00
6.0,2016-01-26T03:52:22+01:00
4.3,2016-01-26T03:52:45+01:00
4.1,2016-01-26T03:53:08+01:00
5.1,2016-01-26T03:53:30+01:00
3.8,2016-01-26T03:53:53+01:00
4.6,2016-01-26T03:54:15+01:00
4.7,2016-01-26T03:54:41+01:00
5.0,2016-01-26T03:55:03+01:00
5.0,2016-01-26T03:55:25+01:00
5.3,2016-01-26T03:55:48+01:00
4.7,2016-01-26T03:56:10+01:00
5.0,2016-01-26T03:56:33+01:00
4.0,2016-01-26T03:56:56+01:00
4.4,2016-01-26T03:57:18+01:00
3.1,2016-01-26T03:57:41+01:00
3.9,2016-01-26T03:58:03+01:00
3.7,2016-01-26T03:58:27+01:00
3.5,2016-01-26T03:58:49+01:00
4.2,2016-01-26T03:59:12+01:00
2.5,2016-01-26T03:59:34+01:00
1.3,2016-01-26T03:59:57+01:00
3.2,2016-01-26T04:00:19+01:00
3.9,2016-01-26T04:00:42+01:00
2.6,2016-01-26T04:01:05+01:00
2.3,2016-01-26T04:01:27+01:00
1.3,2016-01-26T04:01:50+01:00
2.7,2016-01-26T04:02:21+01:00
3.4,2016-01-26T04:02:43+01:00
3.7,2016-01-26T04:03:06+01:00
2.9,2016-01-26T04:03:28+01:00
3.2,2016-01-26T04:03:51+01:00
1.1,2016-01-26T04:04:14+01:00
2.7,2016-01-26T04:04:36+01:00
3.5,2016-01-26T04:04:58+01:00
3.6,2016-01-26T04:05:21+01:00
4.1,2016-01-26T04:05:43+01:00
3.0,2016-01-26T04:06:11+01:00
3.1,2016-01-26T04:06:34+01:00
3.8,2016-01-26T04:06:56+01:00
3.4,2016-01-26T04:07:19+01:00
2.7,2016-01-26T04:07:41+01:00
2.8,2016-01-26T04:08:04+01:00
3.0,2016-01-26T04:08:26+01:00
3.8,2016-01-26T04:08:49+01:00
1.9,2016-01-26T04:09:12+01:00
1.4,2016-01-26T04:09:34+01:00
2.6,2016-01-26T04:10:00+01:00
3.3,2016-01-26T04:10:23+01:00
3.4,2016-01-26T04:10:45+01:00
3.3,2016-01-26T04:11:15+01:00
3.2,2016-01-26T04:11:37+01:00
2.9,2016-01-26T04:11:59+01:00
2.4,2016-01-26T04:12:22+01:00
2.8,2016-01-26T04:12:44+01:00
2.3,2016-01-26T04:13:07+01:00
1.7,2016-01-26T04:13:29+01:00
2.7,2016-01-26T04:13:57+01:00
3.2,2016-01-26T04:14:19+01:00
3.0,2016-01-26T04:14:42+01:00
2.2,2016-01-26T04:15:04+01:00
2.9,2016-01-26T04:15:27+01:00
2.1,2016-01-26T04:15:49+01:00
2.8,2016-01-26T04:16:12+01:00
2.5,2016-01-26T04:16:41+01:00
2.9,2016-01-26T04:17:03+01:00
3.0,2016-01-26T04:17:26+01:00
3.9,2016-01-26T04:17:53+01:00
3.1,2016-01-26T04:18:16+01:00
3.1,2016-01-26T04:18:38+01:00
3.5,2016-01-26T04:19:01+01:00
3.3,2016-01-26T04:19:24+01:00
2.5,2016-01-26T04:19:46+01:00
2.8,2016-01-26T04:20:09+01:00
3.5,2016-01-26T04:20:32+01:00
2.9,2016-01-26T04:20:54+01:00
3.2,2016-01-26T04:21:16+01:00
2.4,2016-01-26T04:21:49+01:00
2.4,2016-01-26T04:22:24+01:00
2.7,2016-01-26T04:22:50+01:00
2.1,2016-01-26T04:23:12+01:00
2.0,2016-01-26T04:23:35+01:00
2.1,2016-01-26T04:23:57+01:00
2.4,2016-01-26T04:24:20+01:00
2.3,2016-01-26T04:24:42+01:00
2.5,2016-01-26T04:25:05+01:00
2.1,2016-01-26T04:25:27+01:00
1.6,2016-01-26T04:25:56+01:00
2.2,2016-01-26T04:26:19+01:00
1.3,2016-01-26T04:26:42+01:00
1.5,2016-01-26T04:27:04+01:00
2.2,2016-01-26T04:27:26+01:00
1.4,2016-01-26T04:27:49+01:00
1.9,2016-01-26T04:28:12+01:00
2.7,2016-01-26T04:28:34+01:00
2.2,2016-01-26T04:28:57+01:00
1.8,2016-01-26T04:29:19+01:00
1.8,2016-01-26T04:29:54+01:00
2.4,2016-01-26T04:30:17+01:00
2.5,2016-01-26T04:30:45+01:00
2.3,2016-01-26T04:31:08+01:00
2.5,2016-01-26T04:31:30+01:00
2.6,2016-01-26T04:31:53+01:00
2.2,2016-01-26T04:32:15+01:00
3.1,2016-01-26T04:32:38+01:00
2.8,2016-01-26T04:33:00+01:00
3.5,2016-01-26T04:33:30+01:00
2.9,2016-01-26T04:34:07+01:00
2.8,2016-01-26T04:34:30+01:00
2.5,2016-01-26T04:34:53+01:00
2.1,2016-01-26T04:35:15+01:00
1.9,2016-01-26T04:35:37+01:00
1.4,2016-01-26T04:36:00+01:00
1.9,2016-01-26T04:36:23+01:00
2.6,2016-01-26T04:36:45+01:00
2.4,2016-01-26T04:37:08+01:00
2.3,2016-01-26T04:37:30+01:00
2.0,2016-01-26T04:38:01+01:00
2.3,2016-01-26T04:38:24+01:00
2.1,2016-01-26T04:38:48+01:00
2.2,2016-01-26T04:39:21+01:00
2.1,2016-01-26T04:39:43+01:00
2.4,2016-01-26T04:40:06+01:00
1.6,2016-01-26T04:40:31+01:00
1.5,2016-01-26T04:40:53+01:00
2.2,2016-01-26T04:41:16+01:00
2.1,2016-01-26T04:41:38+01:00
2.4,2016-01-26T04:42:10+01:00
2.7,2016-01-26T04:42:33+01:00
2.4,2016-01-26T04:42:55+01:00
2.4,2016-01-26T04:43:18+01:00
3.4,2016-01-26T04:43:40+01:00
3.2,2016-01-26T04:44:03+01:00
2.8,2016-01-26T04:44:25+01:00
2.1,2016-01-26T04:44:51+01:00
2.8,2016-01-26T04:45:14+01:00
3.0,2016-01-26T04:45:36+01:00
2.7,2016-01-26T04:46:16+01:00
4.1,2016-01-26T04:46:39+01:00
2.7,2016-01-26T04:47:02+01:00
2.8,2016-01-26T04:47:24+01:00
1.8,2016-01-26T04:47:47+01:00
2.9,2016-01-26T04:48:09+01:00
1.9,2016-01-26T04:48:34+01:00
2.2,2016-01-26T04:49:00+01:00
2.3,2016-01-26T04:49:27+01:00
1.8,2016-01-26T04:49:49+01:00
2.3,2016-01-26T04:51:12+01:00
1.7,2016-01-26T04:52:04+01:00
1.4,2016-01-26T04:52:36+01:00
1.4,2016-01-26T04:52:58+01:00
1.5,2016-01-26T04:53:21+01:00
1.2,2016-01-26T04:53:44+01:00
1.4,2016-01-26T04:54:06+01:00
1.5,2016-01-26T04:54:29+01:00
1.2,2016-01-26T04:54:52+01:00
1.4,2016-01-26T04:55:14+01:00
2.0,2016-01-26T04:55:46+01:00
2.0,2016-01-26T04:56:10+01:00
2.1,2016-01-26T04:56:32+01:00
1.9,2016-01-26T04:56:55+01:00
2.1,2016-01-26T04:57:17+01:00
2.4,2016-01-26T04:58:03+01:00
2.2,2016-01-26T04:58:27+01:00
2.1,2016-01-26T04:58:50+01:00
1.8,2016-01-26T04:59:12+01:00
2.5,2016-01-26T04:59:35+01:00
3.0,2016-01-26T05:00:12+01:00
3.2,2016-01-26T05:00:36+01:00
2.9,2016-01-26T05:01:10+01:00
2.0,2016-01-26T05:01:37+01:00
2.6,2016-01-26T05:02:00+01:00
2.4,2016-01-26T05:02:22+01:00
2.9,2016-01-26T05:02:45+01:00
2.6,2016-01-26T05:03:07+01:00
2.1,2016-01-26T05:03:30+01:00
2.8,2016-01-26T05:03:57+01:00
2.5,2016-01-26T05:04:31+01:00
2.4,2016-01-26T05:04:54+01:00
2.1,2016-01-26T05:05:17+01:00
2.6,2016-01-26T05:05:39+01:00
2.9,2016-01-26T05:06:02+01:00
2.5,2016-01-26T05:06:24+01:00
2.8,2016-01-26T05:06:47+01:00
2.4,2016-01-26T05:07:09+01:00
2.5,2016-01-26T05:07:32+01:00
2.4,2016-01-26T05:07:54+01:00
2.4,2016-01-26T05:08:26+01:00
2.5,2016-01-26T05:08:49+01:00
2.4,2016-01-26T05:09:14+01:00
2.0,2016-01-26T05:09:50+01:00
2.5,2016-01-26T05:10:13+01:00
2.4,2016-01-26T05:10:36+01:00
2.8,2016-01-26T05:10:59+01:00
3.0,2016-01-26T05:11:21+01:00
2.9,2016-01-26T05:11:44+01:00
2.6,2016-01-26T05:12:06+01:00
3.0,2016-01-26T05:12:37+01:00
2.6,2016-01-26T05:13:01+01:00
2.1,2016-01-26T05:13:23+01:00
2.1,2016-01-26T05:13:46+01:00
1.1,2016-01-26T05:14:10+01:00
1.5,2016-01-26T05:14:32+01:00
2.7,2016-01-26T05:14:55+01:00
1.8,2016-01-26T05:15:36+01:00
2.3,2016-01-26T05:16:07+01:00
2.6,2016-01-26T05:16:34+01:00
1.6,2016-01-26T05:17:24+01:00
1.5,2016-01-26T05:17:47+01:00
1.8,2016-01-26T05:18:09+01:00
1.9,2016-01-26T05:18:32+01:00
2.0,2016-01-26T05:18:54+01:00
1.9,2016-01-26T05:19:17+01:00
1.8,2016-01-26T05:19:39+01:00
2.5,2016-01-26T05:20:02+01:00
2.3,2016-01-26T05:20:24+01:00
2.5,2016-01-26T05:20:47+01:00
