timestamp,no
2016-02-21 00:00:07,0
2016-02-21 00:00:29,0
2016-02-21 00:00:51,0
2016-02-21 00:01:14,0
2016-02-21 00:01:36,0
2016-02-21 00:01:58,0
2016-02-21 00:02:20,0
2016-02-21 00:02:42,0
2016-02-21 00:03:06,0
2016-02-21 00:03:28,0
2016-02-21 00:03:50,0
2016-02-21 00:04:12,0
2016-02-21 00:04:34,0
2016-02-21 00:04:57,0
2016-02-21 00:05:19,0
2016-02-21 00:05:41,0
2016-02-21 00:06:03,0
2016-02-21 00:06:26,0
2016-02-21 00:06:48,0
2016-02-21 00:07:10,0
2016-02-21 00:07:32,0
2016-02-21 00:07:55,0
2016-02-21 00:08:17,0
2016-02-21 00:08:39,0
2016-02-21 00:09:01,0
2016-02-21 00:09:23,0
2016-02-21 00:09:46,0
2016-02-21 00:10:08,0
2016-02-21 00:10:31,0
2016-02-21 00:10:53,0
2016-02-21 00:11:15,0
2016-02-21 00:11:38,0
2016-02-21 00:12:00,"0,1"
2016-02-21 00:12:22,0
2016-02-21 00:12:44,0
2016-02-21 00:13:07,0
2016-02-21 00:13:29,"0,5"
2016-02-21 00:13:51,"0,1"
2016-02-21 00:14:13,"0,2"
2016-02-21 00:14:35,0
2016-02-21 00:14:58,"0,1"
2016-02-21 00:15:20,0
2016-02-21 00:15:42,0
2016-02-21 00:16:04,0
2016-02-21 00:16:27,0
2016-02-21 00:16:49,0
2016-02-21 00:17:11,0
2016-02-21 00:17:33,0
2016-02-21 00:17:56,0
2016-02-21 00:18:18,0
2016-02-21 00:18:40,0
2016-02-21 00:19:03,0
2016-02-21 00:19:25,0
2016-02-21 00:19:47,0
2016-02-21 00:20:09,0
2016-02-21 00:20:32,0
2016-02-21 00:20:54,0
2016-02-21 00:21:16,0
2016-02-21 00:21:38,0
2016-02-21 00:22:01,0
2016-02-21 00:22:23,0
2016-02-21 00:22:45,0
2016-02-21 00:23:07,0
2016-02-21 00:23:29,0
2016-02-21 00:23:52,0
2016-02-21 00:24:14,0
2016-02-21 00:24:36,0
2016-02-21 00:24:58,0
2016-02-21 00:25:21,0
2016-02-21 00:25:43,0
2016-02-21 00:26:06,0
2016-02-21 00:26:28,0
2016-02-21 00:26:50,0
2016-02-21 00:27:12,0
2016-02-21 00:27:35,0
2016-02-21 00:27:57,0
2016-02-21 00:28:19,0
2016-02-21 00:28:41,0
2016-02-21 00:29:03,0
2016-02-21 00:29:26,0
2016-02-21 00:29:48,0
2016-02-21 00:30:10,0
2016-02-21 00:30:32,0
2016-02-21 00:30:55,0
2016-02-21 00:31:17,0
2016-02-21 00:31:39,0
2016-02-21 00:32:01,0
2016-02-21 00:32:24,0
2016-02-21 00:32:46,0
2016-02-21 00:33:09,0
2016-02-21 00:33:31,0
2016-02-21 00:33:53,0
2016-02-21 00:34:15,0
2016-02-21 00:34:38,0
2016-02-21 00:35:00,0
2016-02-21 00:35:22,0
2016-02-21 00:35:44,0
2016-02-21 00:36:07,0
2016-02-21 00:36:29,0
2016-02-21 00:36:51,0
2016-02-21 00:37:13,0
2016-02-21 00:37:36,0
2016-02-21 00:37:59,0
2016-02-21 00:38:21,0
2016-02-21 00:38:43,"-0,2"
2016-02-21 00:39:06,"-0,2"
2016-02-21 00:39:28,0
2016-02-21 00:39:50,0
2016-02-21 00:40:13,0
2016-02-21 00:40:35,0
2016-02-21 00:40:57,0
2016-02-21 00:41:20,0
2016-02-21 00:41:42,0
2016-02-21 00:42:04,0
2016-02-21 00:42:26,0
2016-02-21 00:42:49,0
2016-02-21 00:43:11,0
2016-02-21 00:43:33,0
2016-02-21 00:43:55,0
2016-02-21 00:44:18,0
2016-02-21 00:44:40,0
2016-02-21 00:45:02,0
2016-02-21 00:45:25,0
2016-02-21 00:45:47,0
2016-02-21 00:46:09,0
2016-02-21 00:46:31,0
2016-02-21 00:46:54,0
2016-02-21 00:47:16,0
2016-02-21 00:47:39,0
2016-02-21 00:48:01,0
2016-02-21 00:48:23,0
2016-02-21 00:48:45,0
2016-02-21 00:49:07,0
2016-02-21 00:49:30,0
2016-02-21 00:49:52,0
2016-02-21 00:50:14,0
2016-02-21 00:50:36,0
2016-02-21 00:50:59,0
2016-02-21 00:51:21,0
2016-02-21 00:51:43,0
2016-02-21 00:52:05,0
2016-02-21 00:52:28,0
2016-02-21 00:52:50,0
2016-02-21 00:53:12,0
2016-02-21 00:53:34,0
2016-02-21 00:53:57,0
2016-02-21 00:54:19,0
2016-02-21 00:54:41,0
2016-02-21 00:55:04,0
2016-02-21 00:55:26,0
2016-02-21 00:55:48,0
2016-02-21 00:56:10,0
2016-02-21 00:56:33,0
2016-02-21 00:56:55,0
2016-02-21 00:57:17,"0,2"
2016-02-21 00:57:39,0
2016-02-21 00:58:02,0
2016-02-21 00:58:24,0
2016-02-21 00:58:46,0
2016-02-21 00:59:08,0
2016-02-21 00:59:31,0
2016-02-21 00:59:53,0
2016-02-21 01:00:15,0
2016-02-21 01:00:37,0
2016-02-21 01:00:59,0
2016-02-21 01:01:22,0
2016-02-21 01:01:44,0
2016-02-21 01:02:06,0
2016-02-21 01:02:29,0
2016-02-21 01:02:51,0
2016-02-21 01:03:13,0
2016-02-21 01:03:36,0
2016-02-21 01:03:58,"0,4"
2016-02-21 01:04:20,"1,3"
2016-02-21 01:04:42,"0,7"
2016-02-21 01:05:04,0
2016-02-21 01:05:27,0
2016-02-21 01:05:49,0
2016-02-21 01:06:12,0
2016-02-21 01:06:34,0
2016-02-21 01:06:56,0
2016-02-21 01:07:18,0
2016-02-21 01:07:41,0
2016-02-21 01:08:03,0
2016-02-21 01:08:25,0
2016-02-21 01:08:47,0
2016-02-21 01:09:10,0
2016-02-21 01:09:32,0
2016-02-21 01:09:55,0
2016-02-21 01:10:17,0
2016-02-21 01:10:39,0
2016-02-21 01:11:01,0
2016-02-21 01:11:24,0
2016-02-21 01:11:46,0
2016-02-21 01:12:09,0
2016-02-21 01:12:31,0
2016-02-21 01:12:53,0
2016-02-21 01:13:15,0
2016-02-21 01:13:38,0
2016-02-21 01:14:00,0
2016-02-21 01:14:22,0
2016-02-21 01:14:44,0
2016-02-21 01:15:06,0
2016-02-21 01:15:29,0
2016-02-21 01:15:51,0
2016-02-21 01:16:13,0
2016-02-21 01:16:35,0
2016-02-21 01:16:58,0
2016-02-21 01:17:20,0
2016-02-21 01:17:43,0
2016-02-21 01:18:05,0
2016-02-21 01:18:27,0
2016-02-21 01:18:49,0
2016-02-21 01:19:12,0
2016-02-21 01:19:34,0
2016-02-21 01:19:56,0
2016-02-21 01:20:18,0
2016-02-21 01:20:41,0
2016-02-21 01:21:03,0
2016-02-21 01:21:25,0
2016-02-21 01:21:47,0
2016-02-21 01:22:10,0
2016-02-21 01:22:32,0
2016-02-21 01:22:54,0
2016-02-21 01:23:16,0
2016-02-21 01:23:39,0
2016-02-21 01:24:01,0
2016-02-21 01:24:23,0
2016-02-21 01:24:46,0
2016-02-21 01:25:08,0
2016-02-21 01:25:30,0
2016-02-21 01:25:53,0
2016-02-21 01:26:15,0
2016-02-21 01:26:37,0
2016-02-21 01:26:59,0
2016-02-21 01:27:22,0
2016-02-21 01:27:44,0
2016-02-21 01:28:07,0
2016-02-21 01:28:29,0
2016-02-21 01:28:51,0
2016-02-21 01:29:14,0
2016-02-21 01:29:36,0
2016-02-21 01:29:58,0
2016-02-21 01:30:20,0
2016-02-21 01:30:43,0
2016-02-21 01:31:05,0
2016-02-21 01:31:27,0
2016-02-21 01:31:49,0
2016-02-21 01:32:12,0
2016-02-21 01:32:34,0
2016-02-21 01:32:57,0
2016-02-21 01:33:19,0
2016-02-21 01:33:41,0
2016-02-21 01:34:03,0
2016-02-21 01:34:26,0
2016-02-21 01:34:48,0
2016-02-21 01:35:10,0
2016-02-21 01:35:33,0
2016-02-21 01:35:55,0
2016-02-21 01:36:17,0
2016-02-21 01:36:39,0
2016-02-21 01:37:02,0
2016-02-21 01:37:24,0
2016-02-21 01:37:46,0
2016-02-21 01:38:08,0
2016-02-21 01:38:31,0
2016-02-21 01:38:53,0
2016-02-21 01:39:15,0
2016-02-21 01:39:38,0
2016-02-21 01:40:00,0
2016-02-21 01:40:23,0
2016-02-21 01:40:45,0
2016-02-21 01:41:07,0
2016-02-21 01:41:29,0
2016-02-21 01:41:52,0
2016-02-21 01:42:14,0
2016-02-21 01:42:36,0
2016-02-21 01:42:58,0
2016-02-21 01:43:21,0
2016-02-21 01:43:43,0
2016-02-21 01:44:05,"0,1"
2016-02-21 01:44:27,"0,1"
2016-02-21 01:44:50,0
2016-02-21 01:45:12,0
2016-02-21 01:45:34,0
2016-02-21 01:45:57,0
2016-02-21 01:46:19,0
2016-02-21 01:46:41,0
2016-02-21 01:47:04,0
2016-02-21 01:47:26,0
2016-02-21 01:47:49,0
2016-02-21 01:48:11,0
2016-02-21 01:48:33,0
2016-02-21 01:48:55,0
2016-02-21 01:49:17,0
2016-02-21 01:49:40,0
2016-02-21 01:50:02,0
2016-02-21 01:50:24,0
2016-02-21 01:50:46,0
2016-02-21 01:51:09,0
2016-02-21 01:51:31,0
2016-02-21 01:51:53,0
2016-02-21 01:52:16,0
2016-02-21 01:52:38,0
2016-02-21 01:53:00,"0,1"
2016-02-21 01:53:22,0
2016-02-21 01:53:45,0
2016-02-21 01:54:07,0
2016-02-21 01:54:30,0
2016-02-21 01:54:52,0
2016-02-21 01:55:14,0
2016-02-21 01:55:36,0
2016-02-21 01:55:59,"0,1"
2016-02-21 01:56:21,0
2016-02-21 01:56:43,0
2016-02-21 01:57:05,0
2016-02-21 01:57:28,0
2016-02-21 01:57:50,0
2016-02-21 01:58:12,0
2016-02-21 01:58:34,0
2016-02-21 01:58:56,0
2016-02-21 01:59:19,0
2016-02-21 01:59:41,0
2016-02-21 02:00:03,0
2016-02-21 02:00:25,0
2016-02-21 02:00:48,0
2016-02-21 02:01:10,0
2016-02-21 02:01:32,0
2016-02-21 02:01:55,0
2016-02-21 02:02:17,0
2016-02-21 02:02:39,0
2016-02-21 02:03:02,0
2016-02-21 02:03:24,0
2016-02-21 02:03:46,0
2016-02-21 02:04:08,0
2016-02-21 02:04:30,0
2016-02-21 02:04:53,0
2016-02-21 02:05:15,0
2016-02-21 02:05:37,0
2016-02-21 02:05:59,0
2016-02-21 02:06:22,0
2016-02-21 02:06:44,0
2016-02-21 02:07:06,0
2016-02-21 02:07:29,0
2016-02-21 02:07:51,0
2016-02-21 02:08:13,0
2016-02-21 02:08:36,0
2016-02-21 02:08:58,0
2016-02-21 02:09:21,0
2016-02-21 02:09:43,0
2016-02-21 02:10:05,0
2016-02-21 02:10:27,0
2016-02-21 02:10:50,0
2016-02-21 02:11:12,0
2016-02-21 02:11:35,0
2016-02-21 02:11:57,0
2016-02-21 02:12:19,0
2016-02-21 02:12:41,0
2016-02-21 02:13:03,0
2016-02-21 02:13:26,0
2016-02-21 02:13:48,0
2016-02-21 02:14:10,0
2016-02-21 02:14:32,0
2016-02-21 02:14:55,0
2016-02-21 02:15:17,0
2016-02-21 02:15:39,0
2016-02-21 02:16:01,0
2016-02-21 02:16:24,0
2016-02-21 02:16:47,"0,1"
2016-02-21 02:17:09,0
2016-02-21 02:17:31,0
2016-02-21 02:17:54,0
2016-02-21 02:18:16,0
2016-02-21 02:18:38,0
2016-02-21 02:19:00,0
2016-02-21 02:19:23,0
2016-02-21 02:19:45,0
2016-02-21 02:20:07,0
2016-02-21 02:20:29,0
2016-02-21 02:20:52,0
2016-02-21 02:21:14,0
2016-02-21 02:21:36,0
2016-02-21 02:21:58,0
2016-02-21 02:22:21,0
2016-02-21 02:22:43,0
2016-02-21 02:23:05,0
2016-02-21 02:23:27,0
2016-02-21 02:23:49,0
2016-02-21 02:24:12,0
2016-02-21 02:24:34,0
2016-02-21 02:24:57,0
2016-02-21 02:25:19,0
2016-02-21 02:25:41,0
2016-02-21 02:26:03,0
2016-02-21 02:26:26,0
2016-02-21 02:26:48,0
2016-02-21 02:27:10,0
2016-02-21 02:27:32,0
2016-02-21 02:27:55,0
2016-02-21 02:28:17,0
2016-02-21 02:28:39,0
2016-02-21 02:29:01,0
2016-02-21 02:29:23,0
2016-02-21 02:29:46,0
2016-02-21 02:30:08,0
2016-02-21 02:30:30,0
2016-02-21 02:30:52,0
2016-02-21 02:31:15,0
2016-02-21 02:31:37,0
2016-02-21 02:32:00,0
2016-02-21 02:32:22,0
2016-02-21 02:32:44,0
2016-02-21 02:33:06,0
2016-02-21 02:33:29,0
2016-02-21 02:33:51,0
2016-02-21 02:34:13,0
2016-02-21 02:34:35,0
2016-02-21 02:34:57,0
2016-02-21 02:35:20,0
2016-02-21 02:35:42,0
2016-02-21 02:36:04,0
2016-02-21 02:36:26,0
2016-02-21 02:36:49,0
2016-02-21 02:37:11,0
2016-02-21 02:37:33,0
2016-02-21 02:37:55,0
2016-02-21 02:38:18,0
2016-02-21 02:38:40,0
2016-02-21 02:39:03,0
2016-02-21 02:39:25,0
2016-02-21 02:39:47,0
2016-02-21 02:40:09,0
2016-02-21 02:40:31,0
2016-02-21 02:40:54,0
2016-02-21 02:41:16,0
2016-02-21 02:41:38,0
2016-02-21 02:42:00,0
2016-02-21 02:42:23,0
2016-02-21 02:42:45,0
2016-02-21 02:43:07,0
2016-02-21 02:43:29,0
2016-02-21 02:43:52,0
2016-02-21 02:44:14,0
2016-02-21 02:44:36,0
2016-02-21 02:44:58,0
2016-02-21 02:45:20,0
2016-02-21 02:45:43,0
2016-02-21 02:46:05,0
2016-02-21 02:46:28,0
2016-02-21 02:46:50,0
2016-02-21 02:47:13,0
2016-02-21 02:47:35,0
2016-02-21 02:47:57,0
2016-02-21 02:48:19,0
2016-02-21 02:48:41,0
2016-02-21 02:49:04,0
2016-02-21 02:49:26,0
2016-02-21 02:49:48,0
2016-02-21 02:50:10,0
2016-02-21 02:50:33,0
2016-02-21 02:50:55,0
2016-02-21 02:51:17,0
2016-02-21 02:51:39,0
2016-02-21 02:52:02,0
2016-02-21 02:52:24,0
2016-02-21 02:52:46,0
2016-02-21 02:53:08,0
2016-02-21 02:53:31,0
2016-02-21 02:53:53,0
2016-02-21 02:54:15,0
2016-02-21 02:54:38,0
2016-02-21 02:55:00,0
2016-02-21 02:55:22,0
2016-02-21 02:55:44,0
2016-02-21 02:56:07,0
2016-02-21 02:56:29,0
2016-02-21 02:56:51,0
2016-02-21 02:57:13,0
2016-02-21 02:57:36,0
2016-02-21 02:57:58,0
2016-02-21 02:58:20,0
2016-02-21 02:58:42,0
2016-02-21 02:59:05,0
2016-02-21 02:59:27,0
2016-02-21 02:59:49,0
2016-02-21 03:00:12,0
2016-02-21 03:00:34,0
2016-02-21 03:00:56,0
2016-02-21 03:01:19,0
2016-02-21 03:01:41,0
2016-02-21 03:02:03,0
2016-02-21 03:02:25,0
2016-02-21 03:02:48,0
2016-02-21 03:03:10,0
2016-02-21 03:03:32,0
2016-02-21 03:03:54,0
2016-02-21 03:04:17,0
2016-02-21 03:04:39,0
2016-02-21 03:05:01,0
2016-02-21 03:05:23,0
2016-02-21 03:05:46,0
2016-02-21 03:06:08,0
2016-02-21 03:06:30,0
2016-02-21 03:06:52,0
2016-02-21 03:07:15,0
2016-02-21 03:07:37,0
2016-02-21 03:07:59,0
2016-02-21 03:08:22,0
2016-02-21 03:08:44,0
2016-02-21 03:09:07,0
2016-02-21 03:09:29,0
2016-02-21 03:09:51,0
2016-02-21 03:10:14,0
2016-02-21 03:10:36,0
2016-02-21 03:10:58,0
2016-02-21 03:11:20,0
2016-02-21 03:11:43,0
2016-02-21 03:12:05,0
2016-02-21 03:12:27,0
2016-02-21 03:12:49,"0,1"
2016-02-21 03:13:11,0
2016-02-21 03:13:34,0
2016-02-21 03:13:56,0
2016-02-21 03:14:18,0
2016-02-21 03:14:40,0
2016-02-21 03:15:03,0
2016-02-21 03:15:25,0
2016-02-21 03:15:47,0
2016-02-21 03:16:10,0
2016-02-21 03:16:32,0
2016-02-21 03:16:55,0
2016-02-21 03:17:17,0
2016-02-21 03:17:39,0
2016-02-21 03:18:02,0
2016-02-21 03:18:24,0
2016-02-21 03:18:47,0
2016-02-21 03:19:09,0
2016-02-21 03:19:31,0
2016-02-21 03:19:54,0
2016-02-21 03:20:16,0
2016-02-21 03:20:38,0
2016-02-21 03:21:00,0
2016-02-21 03:21:23,0
2016-02-21 03:21:45,0
2016-02-21 03:22:07,0
2016-02-21 03:22:30,0
2016-02-21 03:22:52,0
2016-02-21 03:23:14,0
2016-02-21 03:23:37,0
2016-02-21 03:23:59,0
2016-02-21 03:24:22,0
2016-02-21 03:24:44,0
2016-02-21 03:25:06,0
2016-02-21 03:25:29,0
2016-02-21 03:25:51,0
2016-02-21 03:26:14,0
2016-02-21 03:26:36,0
2016-02-21 03:26:58,0
2016-02-21 03:27:20,0
2016-02-21 03:27:42,0
2016-02-21 03:28:05,0
2016-02-21 03:28:27,0
2016-02-21 03:28:49,0
2016-02-21 03:29:11,0
2016-02-21 03:29:34,0
2016-02-21 03:29:56,0
2016-02-21 03:30:18,0
2016-02-21 03:30:40,0
2016-02-21 03:31:03,0
2016-02-21 03:31:26,0
2016-02-21 03:31:48,0
2016-02-21 03:32:10,0
2016-02-21 03:32:33,0
2016-02-21 03:32:55,0
2016-02-21 03:33:17,0
2016-02-21 03:33:39,0
2016-02-21 03:34:02,0
2016-02-21 03:34:24,0
2016-02-21 03:34:46,0
2016-02-21 03:35:08,0
2016-02-21 03:35:31,0
2016-02-21 03:35:53,0
2016-02-21 03:36:15,0
2016-02-21 03:36:37,0
2016-02-21 03:37:00,0
2016-02-21 03:37:22,0
2016-02-21 03:37:44,0
2016-02-21 03:38:06,0
2016-02-21 03:38:29,0
2016-02-21 03:38:51,0
2016-02-21 03:39:14,0
2016-02-21 03:39:36,0
2016-02-21 03:39:58,0
2016-02-21 03:40:20,0
2016-02-21 03:40:43,0
2016-02-21 03:41:05,0
2016-02-21 03:41:27,0
2016-02-21 03:41:49,0
2016-02-21 03:42:12,0
2016-02-21 03:42:34,0
2016-02-21 03:42:57,0
2016-02-21 03:43:19,0
2016-02-21 03:43:41,0
2016-02-21 03:44:03,0
2016-02-21 03:44:25,0
2016-02-21 03:44:48,0
2016-02-21 03:45:10,0
2016-02-21 03:45:32,0
2016-02-21 03:45:55,0
2016-02-21 03:46:18,0
2016-02-21 03:46:40,0
2016-02-21 03:47:02,0
2016-02-21 03:47:24,0
2016-02-21 03:47:47,0
2016-02-21 03:48:09,0
2016-02-21 03:48:31,0
2016-02-21 03:48:53,0
2016-02-21 03:49:15,0
2016-02-21 03:49:38,0
2016-02-21 03:50:00,0
2016-02-21 03:50:22,0
2016-02-21 03:50:44,0
2016-02-21 03:51:07,0
2016-02-21 03:51:29,0
2016-02-21 03:51:51,0
2016-02-21 03:52:14,0
2016-02-21 03:52:36,0
2016-02-21 03:52:58,0
2016-02-21 03:53:21,0
2016-02-21 03:53:43,0
2016-02-21 03:54:05,0
2016-02-21 03:54:28,0
2016-02-21 03:54:50,0
2016-02-21 03:55:12,0
2016-02-21 03:55:35,0
2016-02-21 03:55:57,0
2016-02-21 03:56:20,0
2016-02-21 03:56:42,0
2016-02-21 03:57:04,0
2016-02-21 03:57:27,0
2016-02-21 03:57:49,0
2016-02-21 03:58:11,0
2016-02-21 03:58:33,0
2016-02-21 03:58:56,0
2016-02-21 03:59:18,0
2016-02-21 03:59:40,0
2016-02-21 04:00:02,0
2016-02-21 04:00:25,0
2016-02-21 04:00:47,0
2016-02-21 04:01:10,0
2016-02-21 04:01:32,0
2016-02-21 04:01:54,0
2016-02-21 04:02:16,0
2016-02-21 04:02:38,0
2016-02-21 04:03:01,0
2016-02-21 04:03:23,0
2016-02-21 04:03:45,0
2016-02-21 04:04:08,0
2016-02-21 04:04:30,0
2016-02-21 04:04:52,0
2016-02-21 04:05:14,0
2016-02-21 04:05:36,0
2016-02-21 04:05:59,0
2016-02-21 04:06:21,0
2016-02-21 04:06:43,0
2016-02-21 04:07:05,0
2016-02-21 04:07:28,0
2016-02-21 04:07:50,0
2016-02-21 04:08:13,0
2016-02-21 04:08:35,0
2016-02-21 04:08:57,0
2016-02-21 04:09:19,0
2016-02-21 04:09:42,0
2016-02-21 04:10:04,0
2016-02-21 04:10:26,0
2016-02-21 04:10:49,0
2016-02-21 04:11:11,0
2016-02-21 04:11:33,0
2016-02-21 04:11:55,0
2016-02-21 04:12:17,0
2016-02-21 04:12:40,0
2016-02-21 04:13:02,0
2016-02-21 04:13:24,0
2016-02-21 04:13:46,0
2016-02-21 04:14:09,0
2016-02-21 04:14:31,0
2016-02-21 04:14:53,0
2016-02-21 04:15:15,0
2016-02-21 04:15:38,0
2016-02-21 04:16:01,0
2016-02-21 04:16:23,0
2016-02-21 04:16:45,0
2016-02-21 04:17:08,0
2016-02-21 04:17:30,0
2016-02-21 04:17:52,0
2016-02-21 04:18:15,0
2016-02-21 04:18:37,0
2016-02-21 04:19:00,0
2016-02-21 04:19:22,0
2016-02-21 04:19:44,0
2016-02-21 04:20:06,0
2016-02-21 04:20:28,0
2016-02-21 04:20:51,0
2016-02-21 04:21:13,0
2016-02-21 04:21:35,0
2016-02-21 04:21:57,0
2016-02-21 04:22:20,0
2016-02-21 04:22:42,0
2016-02-21 04:23:05,0
2016-02-21 04:23:27,0
2016-02-21 04:23:49,0
2016-02-21 04:24:11,0
2016-02-21 04:24:34,0
2016-02-21 04:24:56,0
2016-02-21 04:25:18,0
2016-02-21 04:25:41,0
2016-02-21 04:26:03,0
2016-02-21 04:26:25,0
2016-02-21 04:26:47,0
2016-02-21 04:27:10,0
2016-02-21 04:27:32,0
2016-02-21 04:27:54,0
2016-02-21 04:28:17,0
2016-02-21 04:28:39,0
2016-02-21 04:29:01,0
2016-02-21 04:29:23,0
2016-02-21 04:29:45,0
2016-02-21 04:30:08,0
2016-02-21 04:30:31,0
2016-02-21 04:30:53,0
2016-02-21 04:31:15,0
2016-02-21 04:31:37,0
2016-02-21 04:32:00,0
2016-02-21 04:32:22,0
2016-02-21 04:32:44,0
2016-02-21 04:33:06,0
2016-02-21 04:33:29,0
2016-02-21 04:33:51,0
2016-02-21 04:34:13,0
2016-02-21 04:34:36,0
2016-02-21 04:34:58,0
2016-02-21 04:35:20,0
2016-02-21 04:35:42,0
2016-02-21 04:36:05,0
2016-02-21 04:36:27,0
2016-02-21 04:36:49,0
2016-02-21 04:37:12,0
2016-02-21 04:37:34,0
2016-02-21 04:37:57,0
2016-02-21 04:38:19,0
2016-02-21 04:38:41,0
2016-02-21 04:39:03,0
2016-02-21 04:39:26,0
2016-02-21 04:39:48,0
2016-02-21 04:40:10,0
2016-02-21 04:40:32,0
2016-02-21 04:40:55,0
2016-02-21 04:41:17,0
2016-02-21 04:41:39,0
2016-02-21 04:42:01,0
2016-02-21 04:42:24,0
2016-02-21 04:42:46,0
2016-02-21 04:43:08,0
2016-02-21 04:43:30,0
2016-02-21 04:43:53,0
2016-02-21 04:44:15,0
2016-02-21 04:44:37,0
2016-02-21 04:44:59,0
2016-02-21 04:45:22,0
2016-02-21 04:45:45,0
2016-02-21 04:46:07,0
2016-02-21 04:46:29,0
2016-02-21 04:46:51,0
2016-02-21 04:47:13,0
2016-02-21 04:47:36,0
2016-02-21 04:47:58,0
2016-02-21 04:48:20,0
2016-02-21 04:48:42,0
2016-02-21 04:49:05,0
2016-02-21 04:49:28,0
2016-02-21 04:49:50,0
2016-02-21 04:50:12,0
2016-02-21 04:50:34,0
2016-02-21 04:50:57,0
2016-02-21 04:51:19,0
2016-02-21 04:51:41,0
2016-02-21 04:52:03,0
2016-02-21 04:52:26,0
2016-02-21 04:52:48,0
2016-02-21 04:53:11,0
2016-02-21 04:53:33,0
2016-02-21 04:53:55,0
2016-02-21 04:54:17,0
2016-02-21 04:54:39,0
2016-02-21 04:55:02,0
2016-02-21 04:55:24,0
2016-02-21 04:55:46,0
2016-02-21 04:56:08,0
2016-02-21 04:56:31,0
2016-02-21 04:56:53,0
2016-02-21 04:57:15,0
2016-02-21 04:57:38,0
2016-02-21 04:58:00,0
2016-02-21 04:58:22,0
2016-02-21 04:58:44,0
2016-02-21 04:59:06,0
2016-02-21 04:59:29,0
2016-02-21 04:59:51,0
2016-02-21 05:00:14,0
2016-02-21 05:00:36,0
2016-02-21 05:00:59,0
2016-02-21 05:01:21,0
2016-02-21 05:01:43,0
2016-02-21 05:02:05,0
2016-02-21 05:02:27,0
2016-02-21 05:02:50,0
2016-02-21 05:03:12,0
2016-02-21 05:03:34,0
2016-02-21 05:03:56,0
2016-02-21 05:04:19,0
2016-02-21 05:04:41,0
2016-02-21 05:05:03,0
2016-02-21 05:05:25,0
2016-02-21 05:05:48,0
2016-02-21 05:06:10,0
2016-02-21 05:06:32,0
2016-02-21 05:06:54,0
2016-02-21 05:07:17,0
2016-02-21 05:07:39,0
2016-02-21 05:08:02,0
2016-02-21 05:08:24,0
2016-02-21 05:08:46,0
2016-02-21 05:09:09,0
2016-02-21 05:09:31,0
2016-02-21 05:09:53,0
2016-02-21 05:10:15,0
2016-02-21 05:10:38,0
2016-02-21 05:11:00,0
2016-02-21 05:11:22,0
2016-02-21 05:11:44,0
2016-02-21 05:12:07,0
2016-02-21 05:12:29,0
2016-02-21 05:12:51,0
2016-02-21 05:13:13,0
2016-02-21 05:13:35,0
2016-02-21 05:13:58,0
2016-02-21 05:14:20,0
2016-02-21 05:14:42,0
2016-02-21 05:15:05,0
2016-02-21 05:15:27,0
2016-02-21 05:15:49,0
2016-02-21 05:16:11,0
2016-02-21 05:16:34,0
2016-02-21 05:16:56,0
2016-02-21 05:17:18,0
2016-02-21 05:17:40,0
2016-02-21 05:18:03,0
2016-02-21 05:18:25,0
2016-02-21 05:18:47,0
2016-02-21 05:19:10,0
2016-02-21 05:19:32,0
2016-02-21 05:19:54,0
2016-02-21 05:20:16,0
2016-02-21 05:20:39,0
2016-02-21 05:21:01,0
2016-02-21 05:21:23,0
2016-02-21 05:21:45,0
2016-02-21 05:22:08,0
2016-02-21 05:22:31,0
2016-02-21 05:22:53,0
2016-02-21 05:23:15,0
2016-02-21 05:23:37,0
2016-02-21 05:24:00,0
2016-02-21 05:24:22,0
2016-02-21 05:24:44,0
2016-02-21 05:25:07,0
2016-02-21 05:25:29,0
2016-02-21 05:25:51,0
2016-02-21 05:26:13,0
2016-02-21 05:26:36,0
2016-02-21 05:26:58,0
2016-02-21 05:27:20,0
2016-02-21 05:27:42,0
2016-02-21 05:28:05,0
2016-02-21 05:28:27,0
2016-02-21 05:28:49,0
2016-02-21 05:29:11,0
2016-02-21 05:29:33,0
2016-02-21 05:29:56,0
2016-02-21 05:30:19,0
2016-02-21 05:30:41,0
2016-02-21 05:31:03,0
2016-02-21 05:31:25,0
2016-02-21 05:31:48,0
2016-02-21 05:32:10,0
2016-02-21 05:32:32,0
2016-02-21 05:32:55,0
2016-02-21 05:33:17,0
2016-02-21 05:33:39,0
2016-02-21 05:34:01,0
2016-02-21 05:34:24,0
2016-02-21 05:34:46,0
2016-02-21 05:35:08,0
2016-02-21 05:35:30,0
2016-02-21 05:35:53,0
2016-02-21 05:36:15,0
2016-02-21 05:36:38,0
2016-02-21 05:37:00,0
2016-02-21 05:37:22,0
2016-02-21 05:37:45,0
2016-02-21 05:38:07,0
2016-02-21 05:38:29,0
2016-02-21 05:38:52,0
2016-02-21 05:39:14,0
2016-02-21 05:39:36,0
2016-02-21 05:39:58,0
2016-02-21 05:40:21,0
2016-02-21 05:40:43,0
2016-02-21 05:41:05,0
2016-02-21 05:41:27,0
2016-02-21 05:41:50,0
2016-02-21 05:42:12,0
2016-02-21 05:42:34,0
2016-02-21 05:42:57,0
2016-02-21 05:43:19,0
2016-02-21 05:43:41,0
2016-02-21 05:44:03,0
2016-02-21 05:44:26,0
2016-02-21 05:44:48,0
2016-02-21 05:45:10,0
2016-02-21 05:45:33,0
2016-02-21 05:45:55,0
2016-02-21 05:46:17,0
2016-02-21 05:46:39,0
2016-02-21 05:47:02,0
2016-02-21 05:47:24,0
2016-02-21 05:47:46,0
2016-02-21 05:48:08,0
2016-02-21 05:48:31,0
2016-02-21 05:48:53,0
2016-02-21 05:49:15,0
2016-02-21 05:49:38,0
2016-02-21 05:50:00,0
2016-02-21 05:50:22,0
2016-02-21 05:50:44,0
2016-02-21 05:51:07,0
2016-02-21 05:51:29,0
2016-02-21 05:51:51,0
2016-02-21 05:52:14,0
2016-02-21 05:52:36,0
2016-02-21 05:52:58,0
2016-02-21 05:53:21,0
2016-02-21 05:53:43,0
2016-02-21 05:54:05,0
2016-02-21 05:54:27,0
2016-02-21 05:54:50,0
2016-02-21 05:55:12,0
2016-02-21 05:55:34,0
2016-02-21 05:55:56,0
2016-02-21 05:56:19,0
2016-02-21 05:56:41,0
2016-02-21 05:57:03,0
2016-02-21 05:57:25,0
2016-02-21 05:57:48,0
2016-02-21 05:58:10,0
2016-02-21 05:58:32,0
2016-02-21 05:58:54,0
2016-02-21 05:59:16,0
2016-02-21 05:59:39,0
2016-02-21 06:00:02,0
2016-02-21 06:00:24,0
2016-02-21 06:00:46,0
2016-02-21 06:01:08,0
2016-02-21 06:01:31,0
2016-02-21 06:01:53,0
2016-02-21 06:02:15,0
2016-02-21 06:02:37,0
2016-02-21 06:03:00,0
2016-02-21 06:03:22,0
2016-02-21 06:03:44,0
2016-02-21 06:04:06,"0,1"
2016-02-21 06:04:29,0
2016-02-21 06:04:51,0
2016-02-21 06:05:13,0
2016-02-21 06:05:35,0
2016-02-21 06:05:57,0
2016-02-21 06:06:20,0
2016-02-21 06:06:42,0
2016-02-21 06:07:05,0
2016-02-21 06:07:27,0
2016-02-21 06:07:49,0
2016-02-21 06:08:11,0
2016-02-21 06:08:34,0
2016-02-21 06:08:56,0
2016-02-21 06:09:18,0
2016-02-21 06:09:41,0
2016-02-21 06:10:03,0
2016-02-21 06:10:25,0
2016-02-21 06:10:47,0
2016-02-21 06:11:10,0
2016-02-21 06:11:32,0
2016-02-21 06:11:54,0
2016-02-21 06:12:16,0
2016-02-21 06:12:38,0
2016-02-21 06:13:01,0
2016-02-21 06:13:23,0
2016-02-21 06:13:45,0
2016-02-21 06:14:07,0
2016-02-21 06:14:30,0
2016-02-21 06:14:53,0
2016-02-21 06:15:15,0
2016-02-21 06:15:37,0
2016-02-21 06:15:59,0
2016-02-21 06:16:22,0
2016-02-21 06:16:44,0
2016-02-21 06:17:06,0
2016-02-21 06:17:28,0
2016-02-21 06:17:51,0
2016-02-21 06:18:13,0
2016-02-21 06:18:35,0
2016-02-21 06:18:57,0
2016-02-21 06:19:19,0
2016-02-21 06:19:42,0
2016-02-21 06:20:04,0
2016-02-21 06:20:27,0
2016-02-21 06:20:49,0
2016-02-21 06:21:11,0
2016-02-21 06:21:33,0
2016-02-21 06:21:56,0
2016-02-21 06:22:18,0
2016-02-21 06:22:40,0
2016-02-21 06:23:03,0
2016-02-21 06:23:25,0
2016-02-21 06:23:47,0
2016-02-21 06:24:09,0
2016-02-21 06:24:31,0
2016-02-21 06:24:54,0
2016-02-21 06:25:16,0
2016-02-21 06:25:38,0
2016-02-21 06:26:00,0
2016-02-21 06:26:23,0
2016-02-21 06:26:45,0
2016-02-21 06:27:07,0
2016-02-21 06:27:29,0
2016-02-21 06:27:52,0
2016-02-21 06:28:14,0
2016-02-21 06:28:36,0
2016-02-21 06:28:58,0
2016-02-21 06:29:21,0
2016-02-21 06:29:43,0
2016-02-21 06:30:06,0
2016-02-21 06:30:28,0
2016-02-21 06:30:50,0
2016-02-21 06:31:12,0
2016-02-21 06:31:35,0
2016-02-21 06:31:57,0
2016-02-21 06:32:19,0
2016-02-21 06:32:41,0
2016-02-21 06:33:04,0
2016-02-21 06:33:26,0
2016-02-21 06:33:48,0
2016-02-21 06:34:10,0
2016-02-21 06:34:33,0
2016-02-21 06:34:55,0
2016-02-21 06:35:17,0
2016-02-21 06:35:39,0
2016-02-21 06:36:01,0
2016-02-21 06:36:24,0
2016-02-21 06:36:46,0
2016-02-21 06:37:09,0
2016-02-21 06:37:31,0
2016-02-21 06:37:53,0
2016-02-21 06:38:15,0
2016-02-21 06:38:37,0
2016-02-21 06:39:00,0
2016-02-21 06:39:22,0
2016-02-21 06:39:44,0
2016-02-21 06:40:06,0
2016-02-21 06:40:29,0
2016-02-21 06:40:51,0
2016-02-21 06:41:13,0
2016-02-21 06:41:35,0
2016-02-21 06:41:58,0
2016-02-21 06:42:20,0
2016-02-21 06:42:42,0
2016-02-21 06:43:04,0
2016-02-21 06:43:26,0
2016-02-21 06:43:49,0
2016-02-21 06:44:11,0
2016-02-21 06:44:34,0
2016-02-21 06:44:56,0
2016-02-21 06:45:18,0
2016-02-21 06:45:40,0
2016-02-21 06:46:03,0
2016-02-21 06:46:25,0
2016-02-21 06:46:47,0
2016-02-21 06:47:09,0
2016-02-21 06:47:31,0
2016-02-21 06:47:54,0
2016-02-21 06:48:16,0
2016-02-21 06:48:39,0
2016-02-21 06:49:01,0
2016-02-21 06:49:23,0
2016-02-21 06:49:45,0
2016-02-21 06:50:07,0
2016-02-21 06:50:30,0
2016-02-21 06:50:52,0
2016-02-21 06:51:14,0
2016-02-21 06:51:37,0
2016-02-21 06:51:59,0
2016-02-21 06:52:21,0
2016-02-21 06:52:43,0
2016-02-21 06:53:06,0
2016-02-21 06:53:28,0
2016-02-21 06:53:50,0
2016-02-21 06:54:12,0
2016-02-21 06:54:35,0
2016-02-21 06:54:57,0
2016-02-21 06:55:19,0
2016-02-21 06:55:41,0
2016-02-21 06:56:04,0
2016-02-21 06:56:26,0
2016-02-21 06:56:48,0
2016-02-21 06:57:10,0
2016-02-21 06:57:33,0
2016-02-21 06:57:55,0
2016-02-21 06:58:17,0
2016-02-21 06:58:39,0
2016-02-21 06:59:02,0
2016-02-21 06:59:24,0
2016-02-21 06:59:47,0
2016-02-21 07:00:09,0
2016-02-21 07:00:31,0
2016-02-21 07:00:53,0
2016-02-21 07:01:16,0
2016-02-21 07:01:38,0
2016-02-21 07:02:00,0
2016-02-21 07:02:22,0
2016-02-21 07:02:45,0
2016-02-21 07:03:07,0
2016-02-21 07:03:29,0
2016-02-21 07:03:51,0
2016-02-21 07:04:14,0
2016-02-21 07:04:36,0
2016-02-21 07:04:58,0
2016-02-21 07:05:20,0
2016-02-21 07:05:43,0
2016-02-21 07:06:05,0
2016-02-21 07:06:28,0
2016-02-21 07:06:50,0
2016-02-21 07:07:13,0
2016-02-21 07:07:35,0
2016-02-21 07:07:57,0
2016-02-21 07:08:20,0
2016-02-21 07:08:42,0
2016-02-21 07:09:04,0
2016-02-21 07:09:26,0
2016-02-21 07:09:49,0
2016-02-21 07:10:11,0
2016-02-21 07:10:33,0
2016-02-21 07:10:55,0
2016-02-21 07:11:18,0
2016-02-21 07:11:40,0
2016-02-21 07:12:02,0
2016-02-21 07:12:24,0
2016-02-21 07:12:46,0
2016-02-21 07:13:09,0
2016-02-21 07:13:31,0
2016-02-21 07:13:54,0
2016-02-21 07:14:16,0
2016-02-21 07:14:38,0
2016-02-21 07:15:01,0
2016-02-21 07:15:23,0
2016-02-21 07:15:45,0
2016-02-21 07:16:08,0
2016-02-21 07:16:30,0
2016-02-21 07:16:52,0
2016-02-21 07:17:14,0
2016-02-21 07:17:37,0
2016-02-21 07:17:59,0
2016-02-21 07:18:21,0
2016-02-21 07:18:43,0
2016-02-21 07:19:06,0
2016-02-21 07:19:28,0
2016-02-21 07:19:51,0
2016-02-21 07:20:13,0
2016-02-21 07:20:35,0
2016-02-21 07:20:58,0
2016-02-21 07:21:20,0
2016-02-21 07:21:43,0
2016-02-21 07:22:05,0
2016-02-21 07:22:27,0
2016-02-21 07:22:49,0
2016-02-21 07:23:12,0
2016-02-21 07:23:34,0
2016-02-21 07:23:56,0
2016-02-21 07:24:18,0
2016-02-21 07:24:41,0
2016-02-21 07:25:03,"0,1"
2016-02-21 07:25:25,0
2016-02-21 07:25:48,0
2016-02-21 07:26:10,0
2016-02-21 07:26:33,0
2016-02-21 07:26:55,0
2016-02-21 07:27:17,0
2016-02-21 07:27:39,0
2016-02-21 07:28:02,0
2016-02-21 07:28:24,0
2016-02-21 07:28:47,0
2016-02-21 07:29:10,0
2016-02-21 07:29:32,0
2016-02-21 07:29:54,0
2016-02-21 07:30:16,0
2016-02-21 07:30:39,0
2016-02-21 07:31:01,0
2016-02-21 07:31:23,0
2016-02-21 07:31:45,0
2016-02-21 07:32:08,0
2016-02-21 07:32:30,0
2016-02-21 07:32:53,0
2016-02-21 07:33:15,0
2016-02-21 07:33:37,0
2016-02-21 07:33:59,0
2016-02-21 07:34:21,0
2016-02-21 07:34:44,0
2016-02-21 07:35:06,0
2016-02-21 07:35:28,0
2016-02-21 07:35:50,0
2016-02-21 07:36:13,0
2016-02-21 07:36:35,0
2016-02-21 07:36:58,0
2016-02-21 07:37:20,0
2016-02-21 07:37:43,0
2016-02-21 07:38:05,0
2016-02-21 07:38:27,0
2016-02-21 07:38:50,0
2016-02-21 07:39:12,0
2016-02-21 07:39:34,0
2016-02-21 07:39:57,0
2016-02-21 07:40:19,0
2016-02-21 07:40:41,0
2016-02-21 07:41:03,0
2016-02-21 07:41:26,0
2016-02-21 07:41:48,0
2016-02-21 07:42:10,0
2016-02-21 07:42:33,0
2016-02-21 07:42:55,0
2016-02-21 07:43:17,0
2016-02-21 07:43:40,0
2016-02-21 07:44:03,0
2016-02-21 07:44:25,0
2016-02-21 07:44:48,0
2016-02-21 07:45:10,0
2016-02-21 07:45:32,"0,1"
2016-02-21 07:45:54,0
2016-02-21 07:46:16,0
2016-02-21 07:46:39,0
2016-02-21 07:47:01,0
2016-02-21 07:47:24,0
2016-02-21 07:47:46,0
2016-02-21 07:48:08,0
2016-02-21 07:48:30,0
2016-02-21 07:48:53,0
2016-02-21 07:49:15,0
2016-02-21 07:49:37,0
2016-02-21 07:49:59,0
2016-02-21 07:50:22,0
2016-02-21 07:50:44,0
2016-02-21 07:51:06,0
2016-02-21 07:51:29,0
2016-02-21 07:51:51,0
2016-02-21 07:52:13,0
2016-02-21 07:52:35,0
2016-02-21 07:52:58,0
2016-02-21 07:53:20,0
2016-02-21 07:53:42,0
2016-02-21 07:54:04,"0,1"
2016-02-21 07:54:27,0
2016-02-21 07:54:49,0
2016-02-21 07:55:11,"0,1"
2016-02-21 07:55:33,"0,1"
2016-02-21 07:55:56,0
2016-02-21 07:56:18,0
2016-02-21 07:56:40,0
2016-02-21 07:57:03,0
2016-02-21 07:57:25,0
2016-02-21 07:57:47,0
2016-02-21 07:58:09,0
2016-02-21 07:58:32,0
2016-02-21 07:58:55,0
2016-02-21 07:59:17,0
2016-02-21 07:59:39,0
2016-02-21 08:00:01,0
2016-02-21 08:00:24,0
2016-02-21 08:00:46,0
2016-02-21 08:01:08,0
2016-02-21 08:01:30,0
2016-02-21 08:01:53,0
2016-02-21 08:02:15,"0,2"
2016-02-21 08:02:37,"0,4"
2016-02-21 08:02:59,"0,2"
2016-02-21 08:03:21,"0,8"
2016-02-21 08:03:44,"0,4"
2016-02-21 08:04:06,"0,4"
2016-02-21 08:04:28,"0,1"
2016-02-21 08:04:50,"0,1"
2016-02-21 08:05:13,"0,1"
2016-02-21 08:05:35,"0,1"
2016-02-21 08:05:58,"0,1"
2016-02-21 08:06:20,"0,1"
2016-02-21 08:06:42,"0,1"
2016-02-21 08:07:04,0
2016-02-21 08:07:27,0
2016-02-21 08:07:49,0
2016-02-21 08:08:11,0
2016-02-21 08:08:34,0
2016-02-21 08:08:56,0
2016-02-21 08:09:18,0
2016-02-21 08:09:40,0
2016-02-21 08:10:03,0
2016-02-21 08:10:25,0
2016-02-21 08:10:47,0
2016-02-21 08:11:10,0
2016-02-21 08:11:32,0
2016-02-21 08:11:54,0
2016-02-21 08:12:17,0
2016-02-21 08:12:39,0
2016-02-21 08:13:01,0
2016-02-21 08:13:24,0
2016-02-21 08:13:46,0
2016-02-21 08:14:09,0
2016-02-21 08:14:31,"0,1"
2016-02-21 08:14:53,0
2016-02-21 08:15:15,"0,1"
2016-02-21 08:15:38,0
2016-02-21 08:16:00,0
2016-02-21 08:16:22,0
2016-02-21 08:16:44,0
2016-02-21 08:17:07,0
2016-02-21 08:17:29,0
2016-02-21 08:17:51,"0,1"
2016-02-21 08:18:13,0
2016-02-21 08:18:36,0
2016-02-21 08:18:58,0
2016-02-21 08:19:20,0
2016-02-21 08:19:43,0
2016-02-21 08:20:05,"0,1"
2016-02-21 08:20:27,0
2016-02-21 08:20:51,0
2016-02-21 08:21:13,"0,1"
2016-02-21 08:21:35,"0,1"
2016-02-21 08:21:57,0
2016-02-21 08:22:19,"0,1"
2016-02-21 08:22:42,0
2016-02-21 08:23:04,"0,1"
2016-02-21 08:23:26,"0,1"
2016-02-21 08:23:48,"0,2"
2016-02-21 08:24:11,"0,2"
2016-02-21 08:24:33,"0,1"
2016-02-21 08:24:55,"0,1"
2016-02-21 08:25:17,"0,3"
2016-02-21 08:25:40,"0,1"
2016-02-21 08:26:02,"0,1"
2016-02-21 08:26:24,"0,1"
2016-02-21 08:26:46,"0,1"
2016-02-21 08:27:09,"0,1"
2016-02-21 08:27:31,0
2016-02-21 08:27:53,"0,1"
2016-02-21 08:28:17,0
2016-02-21 08:28:39,"0,1"
2016-02-21 08:29:01,0
2016-02-21 08:29:23,"0,1"
2016-02-21 08:29:45,"0,1"
2016-02-21 08:30:08,0
2016-02-21 08:30:30,0
2016-02-21 08:30:52,"0,1"
2016-02-21 08:31:15,"0,1"
2016-02-21 08:31:37,0
2016-02-21 08:31:59,0
2016-02-21 08:32:21,"0,1"
2016-02-21 08:32:44,0
2016-02-21 08:33:06,"0,1"
2016-02-21 08:33:28,"0,1"
2016-02-21 08:33:50,"0,1"
2016-02-21 08:34:13,"0,1"
2016-02-21 08:34:35,"0,1"
2016-02-21 08:34:57,0
2016-02-21 08:35:19,0
2016-02-21 08:35:42,0
2016-02-21 08:36:04,"0,1"
2016-02-21 08:36:26,"0,1"
2016-02-21 08:36:49,"0,1"
2016-02-21 08:37:11,0
2016-02-21 08:37:33,0
2016-02-21 08:37:55,"0,1"
2016-02-21 08:38:18,0
2016-02-21 08:38:40,"0,1"
2016-02-21 08:39:02,"0,1"
2016-02-21 08:39:25,"0,1"
2016-02-21 08:39:47,0
2016-02-21 08:40:09,0
2016-02-21 08:40:31,0
2016-02-21 08:40:54,0
2016-02-21 08:41:16,0
2016-02-21 08:41:38,0
2016-02-21 08:42:01,"0,1"
2016-02-21 08:42:23,0
2016-02-21 08:42:46,"0,1"
2016-02-21 08:43:09,"0,1"
2016-02-21 08:43:31,0
2016-02-21 08:43:53,0
2016-02-21 08:44:15,"0,1"
2016-02-21 08:44:38,0
2016-02-21 08:45:00,"0,1"
2016-02-21 08:45:22,"0,1"
2016-02-21 08:45:44,0
2016-02-21 08:46:07,0
2016-02-21 08:46:29,"0,1"
2016-02-21 08:46:51,"0,1"
2016-02-21 08:47:14,0
2016-02-21 08:47:36,"0,1"
2016-02-21 08:47:58,"0,3"
2016-02-21 08:48:20,"0,3"
2016-02-21 08:48:43,"0,1"
2016-02-21 08:49:05,"0,1"
2016-02-21 08:49:27,"0,1"
2016-02-21 08:49:50,"0,1"
2016-02-21 08:50:12,"0,1"
2016-02-21 08:50:35,"0,1"
2016-02-21 08:50:57,"0,1"
2016-02-21 08:51:19,"0,1"
2016-02-21 08:51:41,"0,1"
2016-02-21 08:52:04,"0,1"
2016-02-21 08:52:26,"0,1"
2016-02-21 08:52:48,"0,1"
2016-02-21 08:53:10,"0,1"
2016-02-21 08:53:32,"0,1"
2016-02-21 08:53:55,"0,2"
2016-02-21 08:54:17,"0,2"
2016-02-21 08:54:39,"0,2"
2016-02-21 08:55:02,"0,1"
2016-02-21 08:55:24,"0,1"
2016-02-21 08:55:46,"0,1"
2016-02-21 08:56:08,"0,1"
2016-02-21 08:56:31,"0,1"
2016-02-21 08:56:53,"0,1"
2016-02-21 08:57:15,"0,1"
2016-02-21 08:57:37,"0,1"
2016-02-21 08:58:00,"0,1"
2016-02-21 08:58:22,"0,1"
2016-02-21 08:58:45,"0,1"
2016-02-21 08:59:07,"0,1"
2016-02-21 08:59:29,"0,1"
2016-02-21 08:59:51,"0,1"
2016-02-21 09:00:14,"0,1"
2016-02-21 09:00:36,0
2016-02-21 09:00:58,"0,1"
2016-02-21 09:01:20,0
2016-02-21 09:01:42,"0,1"
2016-02-21 09:02:05,"0,1"
2016-02-21 09:02:27,"0,1"
2016-02-21 09:02:49,"0,1"
2016-02-21 09:03:11,"0,1"
2016-02-21 09:03:34,0
2016-02-21 09:03:56,"0,4"
2016-02-21 09:04:18,"0,5"
2016-02-21 09:04:40,"0,6"
2016-02-21 09:05:03,"0,5"
2016-02-21 09:05:25,"1,4"
2016-02-21 09:05:48,"0,8"
2016-02-21 09:06:10,"1,3"
2016-02-21 09:06:32,"1,3"
2016-02-21 09:06:55,"0,8"
2016-02-21 09:07:17,"1,1"
2016-02-21 09:07:39,"1,2"
2016-02-21 09:08:01,"0,9"
2016-02-21 09:08:24,"1,3"
2016-02-21 09:08:46,"1,1"
2016-02-21 09:09:08,"0,7"
2016-02-21 09:09:30,"0,6"
2016-02-21 09:09:52,"0,5"
2016-02-21 09:10:15,"0,4"
2016-02-21 09:10:37,"0,5"
2016-02-21 09:11:00,"0,8"
2016-02-21 09:11:22,"0,4"
2016-02-21 09:11:44,"0,2"
2016-02-21 09:12:06,"0,2"
2016-02-21 09:12:28,"0,1"
2016-02-21 09:12:51,"0,1"
2016-02-21 09:13:13,"0,1"
2016-02-21 09:13:36,"0,1"
2016-02-21 09:13:58,"0,1"
2016-02-21 09:14:20,"0,1"
2016-02-21 09:14:42,"0,1"
2016-02-21 09:15:05,"0,1"
2016-02-21 09:15:27,"0,2"
2016-02-21 09:15:49,"0,1"
2016-02-21 09:16:11,"0,1"
2016-02-21 09:16:34,"0,1"
2016-02-21 09:16:56,"0,1"
2016-02-21 09:17:18,"0,1"
2016-02-21 09:17:40,"0,1"
2016-02-21 09:18:03,"0,1"
2016-02-21 09:18:25,"0,2"
2016-02-21 09:18:47,"0,2"
2016-02-21 09:19:09,"0,2"
2016-02-21 09:19:31,"0,1"
2016-02-21 09:19:54,"0,1"
2016-02-21 09:20:17,"0,1"
2016-02-21 09:20:39,"0,1"
2016-02-21 09:21:01,"0,1"
2016-02-21 09:21:23,"0,1"
2016-02-21 09:21:46,"0,1"
2016-02-21 09:22:08,"0,1"
2016-02-21 09:22:30,"0,1"
2016-02-21 09:22:52,"0,2"
2016-02-21 09:23:15,"0,1"
2016-02-21 09:23:37,"0,2"
2016-02-21 09:23:59,"0,3"
2016-02-21 09:24:21,"0,1"
2016-02-21 09:24:44,"0,2"
2016-02-21 09:25:06,"0,1"
2016-02-21 09:25:28,"0,2"
2016-02-21 09:25:50,"0,1"
2016-02-21 09:26:13,"0,1"
2016-02-21 09:26:35,"0,1"
2016-02-21 09:26:57,"0,1"
2016-02-21 09:27:19,"0,1"
2016-02-21 09:27:42,"0,1"
2016-02-21 09:28:04,"0,1"
2016-02-21 09:28:26,"0,2"
2016-02-21 09:28:49,"0,2"
2016-02-21 09:29:11,"0,3"
2016-02-21 09:29:33,"0,2"
2016-02-21 09:29:55,"0,1"
2016-02-21 09:30:18,"0,1"
2016-02-21 09:30:40,"0,1"
2016-02-21 09:31:02,"0,1"
2016-02-21 09:31:24,"0,1"
2016-02-21 09:31:47,"0,1"
2016-02-21 09:32:09,"0,1"
2016-02-21 09:32:31,"0,1"
2016-02-21 09:32:53,"0,1"
2016-02-21 09:33:15,"0,1"
2016-02-21 09:33:38,"0,1"
2016-02-21 09:34:00,"0,1"
2016-02-21 09:34:22,"0,1"
2016-02-21 09:34:44,"0,1"
2016-02-21 09:35:07,"0,1"
2016-02-21 09:35:29,"0,1"
2016-02-21 09:35:52,"0,1"
2016-02-21 09:36:14,"0,2"
2016-02-21 09:36:36,"0,2"
2016-02-21 09:36:59,"0,1"
2016-02-21 09:37:21,"0,1"
2016-02-21 09:37:43,"0,1"
2016-02-21 09:38:05,"0,1"
2016-02-21 09:38:28,"0,2"
2016-02-21 09:38:50,"0,1"
2016-02-21 09:39:12,"0,1"
2016-02-21 09:39:34,"0,1"
2016-02-21 09:39:57,"0,1"
2016-02-21 09:40:19,"0,1"
2016-02-21 09:40:41,"0,1"
2016-02-21 09:41:03,"0,6"
2016-02-21 09:41:25,"0,5"
2016-02-21 09:41:48,"0,2"
2016-02-21 09:42:10,"0,2"
2016-02-21 09:42:33,"0,1"
2016-02-21 09:42:55,"0,1"
2016-02-21 09:43:17,"0,1"
2016-02-21 09:43:39,"0,1"
2016-02-21 09:44:02,"0,1"
2016-02-21 09:44:24,"0,1"
2016-02-21 09:44:46,"0,1"
2016-02-21 09:45:08,"0,1"
2016-02-21 09:45:31,"0,2"
2016-02-21 09:45:53,"0,1"
2016-02-21 09:46:15,"0,1"
2016-02-21 09:46:38,"0,2"
2016-02-21 09:47:00,"0,1"
2016-02-21 09:47:23,"0,1"
2016-02-21 09:47:45,"0,2"
2016-02-21 09:48:07,"0,1"
2016-02-21 09:48:30,"0,2"
2016-02-21 09:48:52,"0,2"
2016-02-21 09:49:14,"0,2"
2016-02-21 09:49:37,"0,2"
2016-02-21 09:50:00,"0,3"
2016-02-21 09:50:22,"0,6"
2016-02-21 09:50:44,"0,4"
2016-02-21 09:51:07,"0,4"
2016-02-21 09:51:29,"0,4"
2016-02-21 09:51:51,"0,4"
2016-02-21 09:52:13,"0,5"
2016-02-21 09:52:35,"1,8"
2016-02-21 09:52:58,1
2016-02-21 09:53:20,"0,4"
2016-02-21 09:53:42,"0,4"
2016-02-21 09:54:04,"0,4"
2016-02-21 09:54:27,"0,4"
2016-02-21 09:54:49,"0,4"
2016-02-21 09:55:11,"0,3"
2016-02-21 09:55:33,"0,3"
2016-02-21 09:55:56,"0,4"
2016-02-21 09:56:18,"0,3"
2016-02-21 09:56:40,"0,3"
2016-02-21 09:57:02,"0,4"
2016-02-21 09:57:25,"0,4"
2016-02-21 09:57:47,"0,4"
2016-02-21 09:58:09,"0,3"
2016-02-21 09:58:32,"0,3"
2016-02-21 09:58:54,"0,3"
2016-02-21 09:59:16,"0,3"
2016-02-21 09:59:38,"0,3"
2016-02-21 10:00:01,"0,4"
2016-02-21 10:00:23,"0,4"
2016-02-21 10:00:45,"0,4"
2016-02-21 10:01:07,"0,3"
2016-02-21 10:01:30,"0,4"
2016-02-21 10:01:52,"0,4"
2016-02-21 10:02:14,"0,5"
2016-02-21 10:02:36,"0,5"
2016-02-21 10:02:59,"0,5"
2016-02-21 10:03:21,"0,5"
2016-02-21 10:03:43,"0,6"
2016-02-21 10:04:06,"1,1"
2016-02-21 10:04:28,1
2016-02-21 10:04:51,"0,7"
2016-02-21 10:05:13,"0,6"
2016-02-21 10:05:35,"0,6"
2016-02-21 10:05:57,"0,5"
2016-02-21 10:06:20,"0,5"
2016-02-21 10:06:42,"0,5"
2016-02-21 10:07:04,"0,4"
2016-02-21 10:07:26,"0,4"
2016-02-21 10:07:48,"0,4"
2016-02-21 10:08:11,"0,4"
2016-02-21 10:08:33,"0,4"
2016-02-21 10:08:56,"0,5"
2016-02-21 10:09:18,"0,5"
2016-02-21 10:09:40,"0,5"
2016-02-21 10:10:02,"0,5"
2016-02-21 10:10:24,"0,5"
2016-02-21 10:10:47,"0,5"
2016-02-21 10:11:09,"0,6"
2016-02-21 10:11:31,"0,6"
2016-02-21 10:11:53,"0,6"
2016-02-21 10:12:17,"0,7"
2016-02-21 10:12:39,"0,7"
2016-02-21 10:13:01,"0,8"
2016-02-21 10:13:23,"0,7"
2016-02-21 10:13:45,"0,6"
2016-02-21 10:14:08,"0,6"
2016-02-21 10:14:30,"0,6"
2016-02-21 10:14:52,"0,6"
2016-02-21 10:15:14,"0,6"
2016-02-21 10:15:37,"0,6"
2016-02-21 10:15:59,"0,7"
2016-02-21 10:16:21,"0,7"
2016-02-21 10:16:44,"0,6"
2016-02-21 10:17:06,"0,8"
2016-02-21 10:17:28,"0,8"
2016-02-21 10:17:50,"0,9"
2016-02-21 10:18:13,1
2016-02-21 10:18:35,1
2016-02-21 10:18:57,"1,3"
2016-02-21 10:19:19,1
2016-02-21 10:19:42,1
2016-02-21 10:20:05,1
2016-02-21 10:20:27,"0,8"
2016-02-21 10:20:49,"0,8"
2016-02-21 10:21:11,"0,7"
2016-02-21 10:21:34,"0,8"
2016-02-21 10:21:56,"0,6"
2016-02-21 10:22:19,"0,7"
2016-02-21 10:22:41,"0,7"
2016-02-21 10:23:03,"0,7"
2016-02-21 10:23:25,"0,8"
2016-02-21 10:23:48,"0,8"
2016-02-21 10:24:10,"0,9"
2016-02-21 10:24:32,"0,8"
2016-02-21 10:24:54,"0,7"
2016-02-21 10:25:17,"0,7"
2016-02-21 10:25:39,"0,8"
2016-02-21 10:26:01,"0,8"
2016-02-21 10:26:24,"0,7"
2016-02-21 10:26:46,"0,7"
2016-02-21 10:27:09,"0,7"
2016-02-21 10:27:31,"0,8"
2016-02-21 10:27:53,"0,8"
2016-02-21 10:28:16,"0,9"
2016-02-21 10:28:38,"0,9"
2016-02-21 10:29:00,"0,8"
2016-02-21 10:29:22,"0,7"
2016-02-21 10:29:45,"0,8"
2016-02-21 10:30:07,"0,7"
2016-02-21 10:30:30,"0,7"
2016-02-21 10:30:52,"0,7"
2016-02-21 10:31:14,"0,8"
2016-02-21 10:31:36,"0,7"
2016-02-21 10:31:59,"0,6"
2016-02-21 10:32:22,"0,7"
2016-02-21 10:32:44,"0,9"
2016-02-21 10:33:06,"0,8"
2016-02-21 10:33:28,"0,9"
2016-02-21 10:33:51,"0,9"
2016-02-21 10:34:13,"0,7"
2016-02-21 10:34:36,"0,6"
2016-02-21 10:34:58,"0,7"
2016-02-21 10:35:21,"0,6"
2016-02-21 10:35:43,"0,7"
2016-02-21 10:36:05,"0,6"
2016-02-21 10:36:27,"0,7"
2016-02-21 10:36:49,"0,6"
2016-02-21 10:37:12,"0,5"
2016-02-21 10:37:34,"0,5"
2016-02-21 10:37:56,"0,6"
2016-02-21 10:38:18,"0,5"
2016-02-21 10:38:41,"0,5"
2016-02-21 10:39:03,"0,5"
2016-02-21 10:39:25,"0,4"
2016-02-21 10:39:48,"0,5"
2016-02-21 10:40:10,"0,5"
2016-02-21 10:40:32,"0,5"
2016-02-21 10:40:54,"0,5"
2016-02-21 10:41:17,"0,6"
2016-02-21 10:41:39,"0,5"
2016-02-21 10:42:02,"0,6"
2016-02-21 10:42:24,"0,6"
2016-02-21 10:42:46,"0,6"
2016-02-21 10:43:08,"0,6"
2016-02-21 10:43:30,"0,6"
2016-02-21 10:43:53,"0,6"
2016-02-21 10:44:15,"0,7"
2016-02-21 10:44:37,"0,6"
2016-02-21 10:44:59,"0,7"
2016-02-21 10:45:22,"0,7"
2016-02-21 10:45:44,"0,6"
2016-02-21 10:46:06,"0,7"
2016-02-21 10:46:28,"0,6"
2016-02-21 10:46:51,"0,7"
2016-02-21 10:47:13,"0,6"
2016-02-21 10:47:35,"0,6"
2016-02-21 10:47:58,"0,6"
2016-02-21 10:48:20,"0,6"
2016-02-21 10:48:42,"0,6"
2016-02-21 10:49:04,"0,5"
2016-02-21 10:49:27,"0,5"
2016-02-21 10:49:50,"0,5"
2016-02-21 10:50:12,"0,6"
2016-02-21 10:50:34,"0,6"
2016-02-21 10:50:56,"0,6"
2016-02-21 10:51:19,"0,6"
2016-02-21 10:51:41,"0,7"
2016-02-21 10:52:03,"0,6"
2016-02-21 10:52:25,"0,5"
2016-02-21 10:52:48,"0,6"
2016-02-21 10:53:10,"0,6"
2016-02-21 10:53:32,"0,7"
2016-02-21 10:53:54,"0,7"
2016-02-21 10:54:16,"0,7"
2016-02-21 10:54:39,"0,7"
2016-02-21 10:55:01,"0,6"
2016-02-21 10:55:23,"0,6"
2016-02-21 10:55:45,"0,7"
2016-02-21 10:56:08,"0,8"
2016-02-21 10:56:30,"0,8"
2016-02-21 10:56:53,"0,8"
2016-02-21 10:57:15,1
2016-02-21 10:57:37,"0,9"
2016-02-21 10:57:59,"0,8"
2016-02-21 10:58:21,"0,9"
2016-02-21 10:58:44,"0,7"
2016-02-21 10:59:06,"0,7"
2016-02-21 10:59:28,"0,7"
2016-02-21 10:59:50,"0,8"
2016-02-21 11:00:13,"0,7"
2016-02-21 11:00:35,"0,6"
2016-02-21 11:00:57,"0,5"
2016-02-21 11:01:19,"0,6"
2016-02-21 11:01:42,"0,5"
2016-02-21 11:02:04,"0,5"
2016-02-21 11:02:26,"0,4"
2016-02-21 11:02:48,"0,5"
2016-02-21 11:03:10,"0,4"
2016-02-21 11:03:33,"0,6"
2016-02-21 11:03:55,"0,6"
2016-02-21 11:04:18,"0,6"
2016-02-21 11:04:40,"0,7"
2016-02-21 11:05:02,"0,7"
2016-02-21 11:05:24,"0,7"
2016-02-21 11:05:47,"0,7"
2016-02-21 11:06:09,"0,7"
2016-02-21 11:06:31,"0,7"
2016-02-21 11:06:53,"0,6"
2016-02-21 11:07:15,"0,6"
2016-02-21 11:07:38,"0,5"
2016-02-21 11:08:00,"0,4"
2016-02-21 11:08:22,"0,5"
2016-02-21 11:08:44,"0,4"
2016-02-21 11:09:07,"0,4"
2016-02-21 11:09:29,"0,4"
2016-02-21 11:09:51,"0,4"
2016-02-21 11:10:13,"0,4"
2016-02-21 11:10:36,"0,4"
2016-02-21 11:10:58,"0,4"
2016-02-21 11:11:20,"0,5"
2016-02-21 11:11:43,"0,8"
2016-02-21 11:12:05,"0,8"
2016-02-21 11:12:28,"0,7"
2016-02-21 11:12:50,"0,7"
2016-02-21 11:13:12,"0,8"
2016-02-21 11:13:34,"0,9"
2016-02-21 11:13:56,1
2016-02-21 11:14:19,"0,7"
2016-02-21 11:14:41,"1,2"
2016-02-21 11:15:03,"0,7"
2016-02-21 11:15:25,"0,6"
2016-02-21 11:15:48,"0,5"
2016-02-21 11:16:10,"0,6"
2016-02-21 11:16:32,"0,4"
2016-02-21 11:16:54,"0,4"
2016-02-21 11:17:17,"0,3"
2016-02-21 11:17:39,"0,3"
2016-02-21 11:18:01,"0,4"
2016-02-21 11:18:24,"0,4"
2016-02-21 11:18:46,"0,5"
2016-02-21 11:19:09,"0,6"
2016-02-21 11:19:31,"0,5"
2016-02-21 11:19:53,"0,4"
2016-02-21 11:20:15,"0,4"
2016-02-21 11:20:38,"0,4"
2016-02-21 11:21:00,"0,7"
2016-02-21 11:21:22,"0,4"
2016-02-21 11:21:44,"0,4"
2016-02-21 11:22:06,"0,4"
2016-02-21 11:22:29,"0,4"
2016-02-21 11:22:51,"0,4"
2016-02-21 11:23:13,"0,4"
2016-02-21 11:23:35,"0,5"
2016-02-21 11:23:58,"0,4"
2016-02-21 11:24:20,"0,4"
2016-02-21 11:24:42,"0,4"
2016-02-21 11:25:04,"0,5"
2016-02-21 11:25:27,"0,5"
2016-02-21 11:25:49,"0,5"
2016-02-21 11:26:11,"0,4"
2016-02-21 11:26:34,"0,4"
2016-02-21 11:26:56,"0,5"
2016-02-21 11:27:18,"0,4"
2016-02-21 11:27:41,"0,4"
2016-02-21 11:28:03,"0,4"
2016-02-21 11:28:25,"0,4"
2016-02-21 11:28:47,"0,3"
2016-02-21 11:29:10,"0,4"
2016-02-21 11:29:32,"0,4"
2016-02-21 11:29:55,"0,4"
2016-02-21 11:30:17,"0,4"
2016-02-21 11:30:39,"0,3"
2016-02-21 11:31:01,"0,6"
2016-02-21 11:31:23,"0,4"
2016-02-21 11:31:46,"0,4"
2016-02-21 11:32:08,"0,4"
2016-02-21 11:32:30,"0,4"
2016-02-21 11:32:52,"0,3"
2016-02-21 11:33:15,"0,3"
2016-02-21 11:33:37,"0,4"
2016-02-21 11:34:00,"0,3"
2016-02-21 11:34:22,"0,3"
2016-02-21 11:34:44,"0,3"
2016-02-21 11:35:07,"0,4"
2016-02-21 11:35:29,"0,4"
2016-02-21 11:35:51,"0,3"
2016-02-21 11:36:13,"0,4"
2016-02-21 11:36:36,"0,4"
2016-02-21 11:36:58,"0,3"
2016-02-21 11:37:20,"0,3"
2016-02-21 11:37:42,"0,3"
2016-02-21 11:38:05,"0,3"
2016-02-21 11:38:27,"0,6"
2016-02-21 11:38:49,"0,8"
2016-02-21 11:39:11,"0,6"
2016-02-21 11:39:33,"0,5"
2016-02-21 11:39:56,"0,4"
2016-02-21 11:40:18,"0,3"
2016-02-21 11:40:40,"0,3"
2016-02-21 11:41:02,"0,4"
2016-02-21 11:41:25,"0,4"
2016-02-21 11:41:48,"0,4"
2016-02-21 11:42:10,"0,3"
2016-02-21 11:42:32,"0,3"
2016-02-21 11:42:54,"0,3"
2016-02-21 11:43:17,"0,4"
2016-02-21 11:43:39,"0,4"
2016-02-21 11:44:01,"0,3"
2016-02-21 11:44:23,"0,2"
2016-02-21 11:44:46,"0,2"
2016-02-21 11:45:08,"0,2"
2016-02-21 11:45:30,"0,4"
2016-02-21 11:45:52,"0,4"
2016-02-21 11:46:15,"0,4"
2016-02-21 11:46:37,"0,3"
2016-02-21 11:46:59,"0,4"
2016-02-21 11:47:22,"0,3"
2016-02-21 11:47:44,"0,3"
2016-02-21 11:48:06,"0,3"
2016-02-21 11:48:28,"0,3"
2016-02-21 11:48:51,"0,3"
2016-02-21 11:49:13,"0,3"
2016-02-21 11:49:35,"0,3"
2016-02-21 11:49:58,"0,3"
2016-02-21 11:50:20,"0,3"
2016-02-21 11:50:42,"0,3"
2016-02-21 11:51:04,"0,3"
2016-02-21 11:51:27,"0,3"
2016-02-21 11:51:49,"0,4"
2016-02-21 11:52:11,"0,3"
2016-02-21 11:52:33,"0,4"
2016-02-21 11:52:56,"0,4"
2016-02-21 11:53:18,"0,4"
2016-02-21 11:53:40,"0,4"
2016-02-21 11:54:03,"0,5"
2016-02-21 11:54:25,"0,5"
2016-02-21 11:54:47,"0,5"
2016-02-21 11:55:09,"0,4"
2016-02-21 11:55:32,"0,5"
2016-02-21 11:55:54,"0,6"
2016-02-21 11:56:17,"0,7"
2016-02-21 11:56:40,"0,5"
2016-02-21 11:57:02,"0,5"
2016-02-21 11:57:24,"0,7"
2016-02-21 11:57:47,"0,7"
2016-02-21 11:58:09,"0,8"
2016-02-21 11:58:31,"0,8"
2016-02-21 11:58:53,1
2016-02-21 11:59:16,"0,9"
2016-02-21 11:59:38,"0,5"
2016-02-21 12:00:00,"0,5"
2016-02-21 12:00:23,"0,4"
2016-02-21 12:00:45,"0,4"
2016-02-21 12:01:07,"0,4"
2016-02-21 12:01:29,"0,4"
2016-02-21 12:01:52,"0,4"
2016-02-21 12:02:14,"0,3"
2016-02-21 12:02:36,"0,7"
2016-02-21 12:02:58,"0,6"
2016-02-21 12:03:21,"0,3"
2016-02-21 12:03:43,"0,3"
2016-02-21 12:04:06,"0,3"
2016-02-21 12:04:28,"0,4"
2016-02-21 12:04:50,"0,3"
2016-02-21 12:05:12,"0,4"
2016-02-21 12:05:35,"0,4"
2016-02-21 12:05:57,"0,3"
2016-02-21 12:06:19,"0,3"
2016-02-21 12:06:41,"0,3"
2016-02-21 12:07:04,"0,3"
2016-02-21 12:07:26,"0,3"
2016-02-21 12:07:48,"0,4"
2016-02-21 12:08:10,"0,6"
2016-02-21 12:08:32,"0,5"
2016-02-21 12:08:55,"0,4"
2016-02-21 12:09:17,"0,4"
2016-02-21 12:09:39,"0,3"
2016-02-21 12:10:01,"0,4"
2016-02-21 12:10:24,"0,3"
2016-02-21 12:10:46,"0,4"
2016-02-21 12:11:09,"0,4"
2016-02-21 12:11:31,"0,4"
2016-02-21 12:11:53,"0,5"
2016-02-21 12:12:15,"0,5"
2016-02-21 12:12:38,"0,5"
2016-02-21 12:13:00,"0,7"
2016-02-21 12:13:22,"0,6"
2016-02-21 12:13:44,"0,5"
2016-02-21 12:14:07,"0,5"
2016-02-21 12:14:29,"0,5"
2016-02-21 12:14:51,1
2016-02-21 12:15:13,"1,6"
2016-02-21 12:15:36,"0,7"
2016-02-21 12:15:58,"0,6"
2016-02-21 12:16:20,"0,7"
2016-02-21 12:16:42,"0,7"
2016-02-21 12:17:05,"0,7"
2016-02-21 12:17:27,"0,6"
2016-02-21 12:17:49,"0,6"
2016-02-21 12:18:12,"0,6"
2016-02-21 12:18:35,"0,7"
2016-02-21 12:18:57,"0,7"
2016-02-21 12:19:19,"0,7"
2016-02-21 12:19:41,"0,7"
2016-02-21 12:20:04,"1,2"
2016-02-21 12:20:26,"0,7"
2016-02-21 12:20:48,"0,5"
2016-02-21 12:21:10,"0,5"
2016-02-21 12:21:33,"0,5"
2016-02-21 12:21:55,"0,5"
2016-02-21 12:22:17,"0,6"
2016-02-21 12:22:39,"0,6"
2016-02-21 12:23:02,"0,5"
2016-02-21 12:23:24,"0,6"
2016-02-21 12:23:46,"0,6"
2016-02-21 12:24:08,"0,6"
2016-02-21 12:24:30,"0,5"
2016-02-21 12:24:53,"0,5"
2016-02-21 12:25:15,"0,6"
2016-02-21 12:25:37,"0,6"
2016-02-21 12:26:00,"0,8"
2016-02-21 12:26:23,"0,8"
2016-02-21 12:26:45,"0,7"
2016-02-21 12:27:07,"0,5"
2016-02-21 12:27:29,"0,6"
2016-02-21 12:27:52,"0,6"
2016-02-21 12:28:14,"0,5"
2016-02-21 12:28:36,"0,6"
2016-02-21 12:28:59,"0,6"
2016-02-21 12:29:21,"0,6"
2016-02-21 12:29:43,"0,7"
2016-02-21 12:30:06,"0,6"
2016-02-21 12:30:28,"0,5"
2016-02-21 12:30:50,"0,4"
2016-02-21 12:31:12,"0,5"
2016-02-21 12:31:35,"0,5"
2016-02-21 12:31:57,"0,5"
2016-02-21 12:32:19,"0,6"
2016-02-21 12:32:41,"0,8"
2016-02-21 12:33:04,"0,8"
2016-02-21 12:33:26,"0,6"
2016-02-21 12:33:49,"0,5"
2016-02-21 12:34:11,"0,5"
2016-02-21 12:34:33,"0,6"
2016-02-21 12:34:55,"0,5"
2016-02-21 12:35:18,"0,5"
2016-02-21 12:35:40,"0,5"
2016-02-21 12:36:02,"0,6"
2016-02-21 12:36:24,"0,4"
2016-02-21 12:36:47,"0,5"
2016-02-21 12:37:09,"0,5"
2016-02-21 12:37:31,"0,7"
2016-02-21 12:37:53,"0,7"
2016-02-21 12:38:15,"0,7"
2016-02-21 12:38:38,"0,7"
2016-02-21 12:39:00,"0,6"
2016-02-21 12:39:23,"0,6"
2016-02-21 12:39:45,"0,6"
2016-02-21 12:40:07,"0,6"
2016-02-21 12:40:29,"0,6"
2016-02-21 12:40:52,"0,9"
2016-02-21 12:41:15,"0,9"
2016-02-21 12:41:37,"0,9"
2016-02-21 12:41:59,"0,8"
2016-02-21 12:42:21,"0,7"
2016-02-21 12:42:44,1
2016-02-21 12:43:06,"0,6"
2016-02-21 12:43:28,"0,6"
2016-02-21 12:43:51,"0,5"
2016-02-21 12:44:13,"0,5"
2016-02-21 12:44:35,"0,4"
2016-02-21 12:44:57,"0,5"
2016-02-21 12:45:20,"0,4"
2016-02-21 12:45:42,"0,4"
2016-02-21 12:46:04,"0,4"
2016-02-21 12:46:26,"0,4"
2016-02-21 12:46:49,"0,5"
2016-02-21 12:47:11,"0,5"
2016-02-21 12:47:33,"0,7"
2016-02-21 12:47:56,"0,6"
2016-02-21 12:48:19,"0,6"
2016-02-21 12:48:41,"0,7"
2016-02-21 12:49:03,"0,7"
2016-02-21 12:49:26,"0,7"
2016-02-21 12:49:48,"0,7"
2016-02-21 12:50:10,"0,7"
2016-02-21 12:50:33,"0,6"
2016-02-21 12:50:55,"0,7"
2016-02-21 12:51:17,"0,6"
2016-02-21 12:51:39,"0,6"
2016-02-21 12:52:01,"0,5"
2016-02-21 12:52:24,"0,6"
2016-02-21 12:52:46,"0,5"
2016-02-21 12:53:08,"0,7"
2016-02-21 12:53:30,"0,5"
2016-02-21 12:53:53,"0,5"
2016-02-21 12:54:15,"0,7"
2016-02-21 12:54:37,"0,5"
2016-02-21 12:55:00,"0,5"
2016-02-21 12:55:22,"0,5"
2016-02-21 12:55:45,"0,5"
2016-02-21 12:56:07,"0,5"
2016-02-21 12:56:29,"0,4"
2016-02-21 12:56:51,"0,4"
2016-02-21 12:57:14,"0,4"
2016-02-21 12:57:36,"0,3"
2016-02-21 12:57:58,"0,4"
2016-02-21 12:58:20,"0,4"
2016-02-21 12:58:43,"0,4"
2016-02-21 12:59:05,"0,4"
2016-02-21 12:59:27,"0,5"
2016-02-21 12:59:49,"0,5"
2016-02-21 13:00:11,"0,5"
2016-02-21 13:00:34,"0,5"
2016-02-21 13:00:56,"0,6"
2016-02-21 13:01:18,"0,5"
2016-02-21 13:01:40,"0,4"
2016-02-21 13:02:03,"0,5"
2016-02-21 13:02:25,"0,5"
2016-02-21 13:02:47,"0,5"
2016-02-21 13:03:10,"0,5"
2016-02-21 13:03:32,"0,6"
2016-02-21 13:03:54,"0,7"
2016-02-21 13:04:17,1
2016-02-21 13:04:39,"0,8"
2016-02-21 13:05:01,1
2016-02-21 13:05:23,"1,5"
2016-02-21 13:05:45,"1,6"
2016-02-21 13:06:08,"1,9"
2016-02-21 13:06:30,"1,8"
2016-02-21 13:06:52,"1,7"
2016-02-21 13:07:14,2
2016-02-21 13:07:37,"1,7"
2016-02-21 13:07:59,"1,5"
2016-02-21 13:08:22,"1,4"
2016-02-21 13:08:44,"1,4"
2016-02-21 13:09:06,"1,4"
2016-02-21 13:09:28,1
2016-02-21 13:09:50,"0,9"
2016-02-21 13:10:13,"0,7"
2016-02-21 13:10:35,"0,7"
2016-02-21 13:10:58,"0,7"
2016-02-21 13:11:20,"0,7"
2016-02-21 13:11:42,"0,8"
2016-02-21 13:12:04,"0,7"
2016-02-21 13:12:27,"0,6"
2016-02-21 13:12:49,"0,5"
2016-02-21 13:13:12,"0,5"
2016-02-21 13:13:34,"0,4"
2016-02-21 13:13:56,"0,5"
2016-02-21 13:14:19,"0,5"
2016-02-21 13:14:41,"0,5"
2016-02-21 13:15:03,"0,5"
2016-02-21 13:15:25,"1,2"
2016-02-21 13:15:48,"0,9"
2016-02-21 13:16:10,"0,6"
2016-02-21 13:16:32,"0,4"
2016-02-21 13:16:54,"0,4"
2016-02-21 13:17:16,"0,4"
2016-02-21 13:17:39,"0,6"
2016-02-21 13:18:02,"0,4"
2016-02-21 13:18:24,"0,4"
2016-02-21 13:18:46,"0,4"
2016-02-21 13:19:08,"0,4"
2016-02-21 13:19:31,"0,4"
2016-02-21 13:19:53,"0,4"
2016-02-21 13:20:16,"0,4"
2016-02-21 13:20:38,"0,3"
2016-02-21 13:21:00,"0,3"
2016-02-21 13:21:22,"0,3"
2016-02-21 13:21:44,"0,3"
2016-02-21 13:22:07,"0,3"
2016-02-21 13:22:29,"0,3"
2016-02-21 13:22:51,"0,4"
2016-02-21 13:23:14,"0,3"
2016-02-21 13:23:36,"0,3"
2016-02-21 13:23:58,"0,3"
2016-02-21 13:24:20,"0,3"
2016-02-21 13:24:43,"0,4"
2016-02-21 13:25:05,"0,3"
2016-02-21 13:25:28,"0,5"
2016-02-21 13:25:50,"0,5"
2016-02-21 13:26:12,"0,5"
2016-02-21 13:26:34,"0,5"
2016-02-21 13:26:57,"0,4"
2016-02-21 13:27:19,"0,4"
2016-02-21 13:27:41,"0,4"
2016-02-21 13:28:04,"0,4"
2016-02-21 13:28:26,"0,4"
2016-02-21 13:28:48,"0,4"
2016-02-21 13:29:11,"0,3"
2016-02-21 13:29:33,"0,4"
2016-02-21 13:29:55,"0,7"
2016-02-21 13:30:17,"0,5"
2016-02-21 13:30:40,"0,5"
2016-02-21 13:31:02,"0,4"
2016-02-21 13:31:24,"0,5"
2016-02-21 13:31:46,"0,5"
2016-02-21 13:32:09,"0,5"
2016-02-21 13:32:31,"0,5"
2016-02-21 13:32:54,"0,4"
2016-02-21 13:33:16,"0,4"
2016-02-21 13:33:39,"0,4"
2016-02-21 13:34:01,"0,4"
2016-02-21 13:34:24,"0,5"
2016-02-21 13:34:46,"0,5"
2016-02-21 13:35:08,"0,5"
2016-02-21 13:35:30,"0,5"
2016-02-21 13:35:53,"0,5"
2016-02-21 13:36:15,"0,6"
2016-02-21 13:36:37,"0,6"
2016-02-21 13:36:59,"0,6"
2016-02-21 13:37:21,"0,6"
2016-02-21 13:37:44,"0,6"
2016-02-21 13:38:06,"0,5"
2016-02-21 13:38:28,"0,6"
2016-02-21 13:38:50,"0,6"
2016-02-21 13:39:13,"0,5"
2016-02-21 13:39:35,"0,5"
2016-02-21 13:39:57,"0,4"
2016-02-21 13:40:20,"0,4"
2016-02-21 13:40:42,"0,4"
2016-02-21 13:41:05,"0,5"
2016-02-21 13:41:27,"2,2"
2016-02-21 13:41:49,"3,3"
2016-02-21 13:42:11,"1,1"
2016-02-21 13:42:34,"0,6"
2016-02-21 13:42:56,"0,5"
2016-02-21 13:43:18,"0,5"
2016-02-21 13:43:40,"0,5"
2016-02-21 13:44:02,"0,5"
2016-02-21 13:44:25,"0,5"
2016-02-21 13:44:47,"0,5"
2016-02-21 13:45:09,"0,4"
2016-02-21 13:45:31,"0,4"
2016-02-21 13:45:54,"0,4"
2016-02-21 13:46:16,"0,4"
2016-02-21 13:46:38,"0,5"
2016-02-21 13:47:00,"0,5"
2016-02-21 13:47:23,"0,5"
2016-02-21 13:47:46,"0,5"
2016-02-21 13:48:08,"0,4"
2016-02-21 13:48:31,"0,4"
2016-02-21 13:48:53,"0,5"
2016-02-21 13:49:15,"0,5"
2016-02-21 13:49:38,"0,5"
2016-02-21 13:50:00,"0,8"
2016-02-21 13:50:22,"0,6"
2016-02-21 13:50:44,"0,5"
2016-02-21 13:51:07,"0,5"
2016-02-21 13:51:29,"0,5"
2016-02-21 13:51:51,"0,6"
2016-02-21 13:52:13,"0,7"
2016-02-21 13:52:36,"0,6"
2016-02-21 13:52:58,"0,6"
2016-02-21 13:53:20,"0,6"
2016-02-21 13:53:43,"0,7"
2016-02-21 13:54:05,"0,8"
2016-02-21 13:54:27,"0,8"
2016-02-21 13:54:49,"0,7"
2016-02-21 13:55:12,"0,7"
2016-02-21 13:55:35,"0,7"
2016-02-21 13:55:57,"0,7"
2016-02-21 13:56:19,"0,6"
2016-02-21 13:56:42,"0,7"
2016-02-21 13:57:04,"0,7"
2016-02-21 13:57:26,"0,8"
2016-02-21 13:57:48,"0,7"
2016-02-21 13:58:11,"0,9"
2016-02-21 13:58:33,"0,9"
2016-02-21 13:58:55,"0,8"
2016-02-21 13:59:17,"0,8"
2016-02-21 13:59:39,"0,8"
2016-02-21 14:00:02,"0,7"
2016-02-21 14:00:24,"0,7"
2016-02-21 14:00:46,"0,7"
2016-02-21 14:01:09,"0,8"
2016-02-21 14:01:31,"0,8"
2016-02-21 14:01:53,"0,8"
2016-02-21 14:02:15,"0,8"
2016-02-21 14:02:38,"0,9"
2016-02-21 14:03:00,"0,8"
2016-02-21 14:03:23,"0,9"
2016-02-21 14:03:45,"0,9"
2016-02-21 14:04:07,"0,8"
2016-02-21 14:04:29,"0,8"
2016-02-21 14:04:52,"1,1"
2016-02-21 14:05:14,"0,9"
2016-02-21 14:05:36,"0,8"
2016-02-21 14:05:58,"0,9"
2016-02-21 14:06:21,1
2016-02-21 14:06:43,"0,9"
2016-02-21 14:07:05,"0,8"
2016-02-21 14:07:27,"0,7"
2016-02-21 14:07:50,"0,7"
2016-02-21 14:08:12,"0,7"
2016-02-21 14:08:34,"0,7"
2016-02-21 14:08:56,"1,8"
2016-02-21 14:09:19,"1,3"
2016-02-21 14:09:41,"1,1"
2016-02-21 14:10:04,"1,1"
2016-02-21 14:10:27,"0,9"
2016-02-21 14:10:49,"0,9"
2016-02-21 14:11:11,"0,9"
2016-02-21 14:11:33,"0,9"
2016-02-21 14:11:56,"1,1"
2016-02-21 14:12:18,"0,9"
2016-02-21 14:12:40,"0,8"
2016-02-21 14:13:02,"0,8"
2016-02-21 14:13:25,"0,8"
2016-02-21 14:13:47,"0,8"
2016-02-21 14:14:09,"0,7"
2016-02-21 14:14:31,"0,7"
2016-02-21 14:14:54,"0,9"
2016-02-21 14:15:16,"0,8"
2016-02-21 14:15:38,"0,8"
2016-02-21 14:16:00,"0,8"
2016-02-21 14:16:23,"0,8"
2016-02-21 14:16:45,"0,8"
2016-02-21 14:17:07,"0,9"
2016-02-21 14:17:30,"0,9"
2016-02-21 14:17:52,1
2016-02-21 14:18:15,"0,8"
2016-02-21 14:18:37,"0,8"
2016-02-21 14:18:59,"0,7"
2016-02-21 14:19:21,"0,7"
2016-02-21 14:19:44,"0,7"
2016-02-21 14:20:06,"0,6"
2016-02-21 14:20:28,"0,6"
2016-02-21 14:20:50,"0,6"
2016-02-21 14:21:13,"0,7"
2016-02-21 14:21:35,"0,8"
2016-02-21 14:21:57,"0,9"
2016-02-21 14:22:19,"0,9"
2016-02-21 14:22:43,"0,9"
2016-02-21 14:23:05,"0,8"
2016-02-21 14:23:27,1
2016-02-21 14:23:50,"1,1"
2016-02-21 14:24:12,"1,1"
2016-02-21 14:24:34,"1,1"
2016-02-21 14:24:57,"1,1"
2016-02-21 14:25:20,"1,2"
2016-02-21 14:25:42,"1,3"
2016-02-21 14:26:04,"1,3"
2016-02-21 14:26:26,"0,9"
2016-02-21 14:26:49,"0,8"
2016-02-21 14:27:11,"0,8"
2016-02-21 14:27:33,"0,9"
2016-02-21 14:27:56,"0,9"
2016-02-21 14:28:18,"0,8"
2016-02-21 14:28:40,"0,8"
2016-02-21 14:29:02,"0,6"
2016-02-21 14:29:25,"0,7"
2016-02-21 14:29:47,"0,8"
2016-02-21 14:30:09,"0,9"
2016-02-21 14:30:31,"1,1"
2016-02-21 14:30:54,"1,2"
2016-02-21 14:31:16,"1,1"
2016-02-21 14:31:38,"1,4"
2016-02-21 14:32:00,"1,2"
2016-02-21 14:32:23,"0,9"
2016-02-21 14:32:45,"0,9"
2016-02-21 14:33:07,"0,9"
2016-02-21 14:33:30,1
2016-02-21 14:33:52,"1,2"
2016-02-21 14:34:15,"0,9"
2016-02-21 14:34:37,"0,9"
2016-02-21 14:34:59,1
2016-02-21 14:35:21,"0,9"
2016-02-21 14:35:44,"0,8"
2016-02-21 14:36:06,"0,9"
2016-02-21 14:36:28,1
2016-02-21 14:36:51,"0,9"
2016-02-21 14:37:13,"0,9"
2016-02-21 14:37:36,1
2016-02-21 14:37:58,1
2016-02-21 14:38:20,"1,1"
2016-02-21 14:38:42,"1,2"
2016-02-21 14:39:05,"1,1"
2016-02-21 14:39:27,1
2016-02-21 14:39:50,1
2016-02-21 14:40:13,"0,9"
2016-02-21 14:40:35,1
2016-02-21 14:40:57,1
2016-02-21 14:41:19,"0,9"
2016-02-21 14:41:41,1
2016-02-21 14:42:04,"0,9"
2016-02-21 14:42:26,"0,9"
2016-02-21 14:42:48,2
2016-02-21 14:43:10,1
2016-02-21 14:43:33,"0,8"
2016-02-21 14:43:55,"0,9"
2016-02-21 14:44:17,"0,9"
2016-02-21 14:44:39,"0,9"
2016-02-21 14:45:02,"0,9"
2016-02-21 14:45:24,"0,8"
2016-02-21 14:45:46,"0,8"
2016-02-21 14:46:08,"0,9"
2016-02-21 14:46:31,1
2016-02-21 14:46:53,"0,9"
2016-02-21 14:47:16,1
2016-02-21 14:47:38,"0,8"
2016-02-21 14:48:00,1
2016-02-21 14:48:23,"0,9"
2016-02-21 14:48:45,"0,9"
2016-02-21 14:49:07,1
2016-02-21 14:49:29,"1,3"
2016-02-21 14:49:52,"1,1"
2016-02-21 14:50:14,"1,1"
2016-02-21 14:50:36,"1,1"
2016-02-21 14:50:58,"1,1"
2016-02-21 14:51:20,"1,1"
2016-02-21 14:51:43,1
2016-02-21 14:52:05,"1,1"
2016-02-21 14:52:27,"1,1"
2016-02-21 14:52:50,"1,2"
2016-02-21 14:53:12,"1,2"
2016-02-21 14:53:34,"1,2"
2016-02-21 14:53:56,"1,3"
2016-02-21 14:54:19,"1,1"
2016-02-21 14:54:42,"1,1"
2016-02-21 14:55:04,"1,1"
2016-02-21 14:55:26,"1,3"
2016-02-21 14:55:49,"1,1"
2016-02-21 14:56:11,"1,2"
2016-02-21 14:56:33,1
2016-02-21 14:56:55,1
2016-02-21 14:57:18,1
2016-02-21 14:57:40,1
2016-02-21 14:58:02,1
2016-02-21 14:58:25,1
2016-02-21 14:58:47,"0,9"
2016-02-21 14:59:09,"0,9"
2016-02-21 14:59:31,"0,8"
2016-02-21 14:59:54,"0,8"
2016-02-21 15:00:16,"0,8"
2016-02-21 15:00:38,"0,9"
2016-02-21 15:01:00,"0,9"
2016-02-21 15:01:23,"0,8"
2016-02-21 15:01:45,"0,8"
2016-02-21 15:02:08,"0,8"
2016-02-21 15:02:30,"0,9"
2016-02-21 15:02:52,"0,7"
2016-02-21 15:03:15,"0,9"
2016-02-21 15:03:37,"0,7"
2016-02-21 15:03:59,"0,9"
2016-02-21 15:04:22,"0,7"
2016-02-21 15:04:44,"0,7"
2016-02-21 15:05:06,"0,7"
2016-02-21 15:05:28,"0,6"
2016-02-21 15:05:50,"0,6"
2016-02-21 15:06:13,"0,7"
2016-02-21 15:06:35,"0,7"
2016-02-21 15:06:57,"0,6"
2016-02-21 15:07:19,"0,6"
2016-02-21 15:07:42,"0,6"
2016-02-21 15:08:04,"0,8"
2016-02-21 15:08:26,"0,8"
2016-02-21 15:08:48,"0,7"
2016-02-21 15:09:11,"0,7"
2016-02-21 15:09:34,"0,7"
2016-02-21 15:09:56,"0,7"
2016-02-21 15:10:18,"0,7"
2016-02-21 15:10:41,"0,7"
2016-02-21 15:11:03,"0,8"
2016-02-21 15:11:25,"0,7"
2016-02-21 15:11:47,"0,7"
2016-02-21 15:12:09,"0,7"
2016-02-21 15:12:32,"0,7"
2016-02-21 15:12:54,"0,7"
2016-02-21 15:13:16,"0,6"
2016-02-21 15:13:38,"0,6"
2016-02-21 15:14:01,"0,7"
2016-02-21 15:14:23,"0,7"
2016-02-21 15:14:45,"0,7"
2016-02-21 15:15:07,"0,6"
2016-02-21 15:15:30,"0,7"
2016-02-21 15:15:52,"0,9"
2016-02-21 15:16:14,"0,8"
2016-02-21 15:16:36,"0,8"
2016-02-21 15:16:59,"0,9"
2016-02-21 15:17:21,"0,9"
2016-02-21 15:17:44,"0,8"
2016-02-21 15:18:06,"0,7"
2016-02-21 15:18:28,"0,7"
2016-02-21 15:18:50,"0,7"
2016-02-21 15:19:13,"0,7"
2016-02-21 15:19:35,"0,7"
2016-02-21 15:19:57,"0,7"
2016-02-21 15:20:19,"0,7"
2016-02-21 15:20:41,"0,9"
2016-02-21 15:21:04,"0,9"
2016-02-21 15:21:26,1
2016-02-21 15:21:49,"1,1"
2016-02-21 15:22:11,"1,1"
2016-02-21 15:22:33,1
2016-02-21 15:22:55,"0,7"
2016-02-21 15:23:18,"0,9"
2016-02-21 15:23:40,"0,7"
2016-02-21 15:24:02,"0,7"
2016-02-21 15:24:25,"0,6"
2016-02-21 15:24:47,"0,6"
2016-02-21 15:25:09,"0,6"
2016-02-21 15:25:32,"0,5"
2016-02-21 15:25:54,"0,5"
2016-02-21 15:26:16,"0,6"
2016-02-21 15:26:38,"0,9"
2016-02-21 15:27:00,"1,1"
2016-02-21 15:27:23,"0,9"
2016-02-21 15:27:45,"0,6"
2016-02-21 15:28:07,"0,5"
2016-02-21 15:28:29,"0,5"
2016-02-21 15:28:52,"0,5"
2016-02-21 15:29:14,"0,5"
2016-02-21 15:29:36,"0,5"
2016-02-21 15:29:58,"0,4"
2016-02-21 15:30:21,"0,3"
2016-02-21 15:30:43,"0,4"
2016-02-21 15:31:06,"0,3"
2016-02-21 15:31:28,"0,3"
2016-02-21 15:31:51,"0,4"
2016-02-21 15:32:13,"0,4"
2016-02-21 15:32:35,"0,3"
2016-02-21 15:32:57,"0,3"
2016-02-21 15:33:20,"0,3"
2016-02-21 15:33:42,"0,4"
2016-02-21 15:34:04,"0,3"
2016-02-21 15:34:27,"0,3"
2016-02-21 15:34:49,"0,3"
2016-02-21 15:35:11,"0,3"
2016-02-21 15:35:33,"0,3"
2016-02-21 15:35:56,"0,3"
2016-02-21 15:36:18,"0,3"
2016-02-21 15:36:40,"0,3"
2016-02-21 15:37:02,"0,3"
2016-02-21 15:37:24,"0,4"
2016-02-21 15:37:47,"0,5"
2016-02-21 15:38:09,"0,4"
2016-02-21 15:38:32,"0,3"
2016-02-21 15:38:54,"0,3"
2016-02-21 15:39:17,"0,4"
2016-02-21 15:39:39,"0,4"
2016-02-21 15:40:02,"0,8"
2016-02-21 15:40:24,"0,6"
2016-02-21 15:40:46,"0,3"
2016-02-21 15:41:08,"0,3"
2016-02-21 15:41:30,"0,4"
2016-02-21 15:41:53,"0,3"
2016-02-21 15:42:15,"0,3"
2016-02-21 15:42:37,"0,2"
2016-02-21 15:42:59,"0,2"
2016-02-21 15:43:22,"0,2"
2016-02-21 15:43:44,"0,2"
2016-02-21 15:44:06,"0,2"
2016-02-21 15:44:28,"0,2"
2016-02-21 15:44:51,"0,2"
2016-02-21 15:45:13,"0,2"
2016-02-21 15:45:35,"0,2"
2016-02-21 15:45:57,"0,2"
2016-02-21 15:46:20,"0,2"
2016-02-21 15:46:42,"0,2"
2016-02-21 15:47:04,"0,2"
2016-02-21 15:47:27,"0,2"
2016-02-21 15:47:49,"0,2"
2016-02-21 15:48:11,"0,2"
2016-02-21 15:48:33,"0,2"
2016-02-21 15:48:56,"0,2"
2016-02-21 15:49:18,"0,3"
2016-02-21 15:49:40,"0,3"
2016-02-21 15:50:02,"0,2"
2016-02-21 15:50:25,"0,4"
2016-02-21 15:50:47,"0,4"
2016-02-21 15:51:09,"0,3"
2016-02-21 15:51:31,"0,3"
2016-02-21 15:51:53,"0,3"
2016-02-21 15:52:16,"0,3"
2016-02-21 15:52:38,"0,2"
2016-02-21 15:53:00,"0,3"
2016-02-21 15:53:22,"0,3"
2016-02-21 15:53:45,"0,3"
2016-02-21 15:54:07,"0,3"
2016-02-21 15:54:30,"0,2"
2016-02-21 15:54:52,"0,3"
2016-02-21 15:55:14,"0,3"
2016-02-21 15:55:36,"0,3"
2016-02-21 15:55:59,"0,3"
2016-02-21 15:56:21,"0,3"
2016-02-21 15:56:43,"0,4"
2016-02-21 15:57:05,"0,6"
2016-02-21 15:57:28,"0,4"
2016-02-21 15:57:50,"0,3"
2016-02-21 15:58:12,"0,3"
2016-02-21 15:58:34,"0,3"
2016-02-21 15:58:56,"0,3"
2016-02-21 15:59:19,"0,2"
2016-02-21 15:59:41,"0,3"
2016-02-21 16:00:03,"0,2"
2016-02-21 16:00:25,"0,2"
2016-02-21 16:00:48,"0,2"
2016-02-21 16:01:10,"0,2"
2016-02-21 16:01:33,"0,2"
2016-02-21 16:01:55,"0,1"
2016-02-21 16:02:17,"0,2"
2016-02-21 16:02:40,"0,2"
2016-02-21 16:03:02,"0,2"
2016-02-21 16:03:24,"0,1"
2016-02-21 16:03:46,"0,2"
2016-02-21 16:04:09,"0,2"
2016-02-21 16:04:31,"0,2"
2016-02-21 16:04:53,"0,2"
2016-02-21 16:05:15,"0,2"
2016-02-21 16:05:37,"0,2"
2016-02-21 16:06:00,"0,2"
2016-02-21 16:06:22,"0,2"
2016-02-21 16:06:44,"0,2"
2016-02-21 16:07:06,"0,2"
2016-02-21 16:07:29,"0,3"
2016-02-21 16:07:51,"0,2"
2016-02-21 16:08:13,"0,3"
2016-02-21 16:08:35,"0,3"
2016-02-21 16:08:58,"0,2"
2016-02-21 16:09:20,"0,2"
2016-02-21 16:09:42,"0,1"
2016-02-21 16:10:05,"0,1"
2016-02-21 16:10:27,"0,1"
2016-02-21 16:10:49,"0,3"
2016-02-21 16:11:11,"0,5"
2016-02-21 16:11:34,"0,3"
2016-02-21 16:11:56,"0,2"
2016-02-21 16:12:18,"0,2"
2016-02-21 16:12:40,"0,4"
2016-02-21 16:13:03,"0,2"
2016-02-21 16:13:25,"0,6"
2016-02-21 16:13:47,"0,3"
2016-02-21 16:14:10,"0,2"
2016-02-21 16:14:32,"0,2"
2016-02-21 16:14:54,"0,2"
2016-02-21 16:15:16,"0,1"
2016-02-21 16:15:39,"0,3"
2016-02-21 16:16:01,"0,3"
2016-02-21 16:16:24,"0,3"
2016-02-21 16:16:46,"0,2"
2016-02-21 16:17:08,"0,2"
2016-02-21 16:17:30,"0,2"
2016-02-21 16:17:52,"0,2"
2016-02-21 16:18:15,"0,1"
2016-02-21 16:18:37,"0,1"
2016-02-21 16:18:59,"0,1"
2016-02-21 16:19:21,"0,1"
2016-02-21 16:19:44,"0,2"
2016-02-21 16:20:06,"0,2"
2016-02-21 16:20:28,"0,1"
2016-02-21 16:20:50,"0,1"
2016-02-21 16:21:13,"0,2"
2016-02-21 16:21:35,"0,1"
2016-02-21 16:21:57,"0,2"
2016-02-21 16:22:19,"0,1"
2016-02-21 16:22:42,"0,3"
2016-02-21 16:23:04,"0,8"
2016-02-21 16:23:26,"0,5"
2016-02-21 16:23:49,"0,2"
2016-02-21 16:24:11,"0,2"
2016-02-21 16:24:33,"0,1"
2016-02-21 16:24:55,"0,7"
2016-02-21 16:25:18,"0,2"
2016-02-21 16:25:40,"0,7"
2016-02-21 16:26:02,"0,4"
2016-02-21 16:26:24,"0,3"
2016-02-21 16:26:47,"0,2"
2016-02-21 16:27:09,"0,1"
2016-02-21 16:27:31,"0,1"
2016-02-21 16:27:53,"0,2"
2016-02-21 16:28:16,"0,1"
2016-02-21 16:28:38,"0,1"
2016-02-21 16:29:00,"0,1"
2016-02-21 16:29:22,"0,1"
2016-02-21 16:29:44,"0,1"
2016-02-21 16:30:07,"0,1"
2016-02-21 16:30:29,"0,1"
2016-02-21 16:30:51,"0,1"
2016-02-21 16:31:14,"0,2"
2016-02-21 16:31:36,"0,2"
2016-02-21 16:31:59,"0,3"
2016-02-21 16:32:21,"0,4"
2016-02-21 16:32:44,"0,4"
2016-02-21 16:33:06,"0,4"
2016-02-21 16:33:28,"0,3"
2016-02-21 16:33:50,"0,1"
2016-02-21 16:34:12,"0,1"
2016-02-21 16:34:35,"0,1"
2016-02-21 16:34:57,"0,1"
2016-02-21 16:35:19,"0,3"
2016-02-21 16:35:41,"0,9"
2016-02-21 16:36:04,"0,3"
2016-02-21 16:36:26,"0,1"
2016-02-21 16:36:48,"0,1"
2016-02-21 16:37:10,"0,1"
2016-02-21 16:37:33,"0,1"
2016-02-21 16:37:55,"0,2"
2016-02-21 16:38:17,"0,2"
2016-02-21 16:38:40,"0,1"
2016-02-21 16:39:02,"0,1"
2016-02-21 16:39:24,"0,2"
2016-02-21 16:39:46,"0,2"
2016-02-21 16:40:09,"0,2"
2016-02-21 16:40:31,"0,1"
2016-02-21 16:40:53,"0,1"
2016-02-21 16:41:15,"0,1"
2016-02-21 16:41:38,"0,1"
2016-02-21 16:42:00,"0,1"
2016-02-21 16:42:22,"0,1"
2016-02-21 16:42:44,"0,1"
2016-02-21 16:43:07,"0,1"
2016-02-21 16:43:29,"0,1"
2016-02-21 16:43:51,"0,1"
2016-02-21 16:44:13,"0,1"
2016-02-21 16:44:36,"1,1"
2016-02-21 16:44:58,"0,2"
2016-02-21 16:45:20,"0,2"
2016-02-21 16:45:43,"0,2"
2016-02-21 16:46:05,"0,1"
2016-02-21 16:46:27,"0,1"
2016-02-21 16:46:50,"0,1"
2016-02-21 16:47:12,"0,1"
2016-02-21 16:47:34,"0,1"
2016-02-21 16:47:56,0
2016-02-21 16:48:19,"0,1"
2016-02-21 16:48:41,"0,1"
2016-02-21 16:49:03,"0,1"
2016-02-21 16:49:25,"0,1"
2016-02-21 16:49:48,"0,1"
2016-02-21 16:50:10,0
2016-02-21 16:50:32,"0,1"
2016-02-21 16:50:55,"0,1"
2016-02-21 16:51:17,"0,1"
2016-02-21 16:51:39,"0,1"
2016-02-21 16:52:01,"0,1"
2016-02-21 16:52:24,"0,1"
2016-02-21 16:52:46,"0,1"
2016-02-21 16:53:08,"0,1"
2016-02-21 16:53:31,"0,1"
2016-02-21 16:53:53,0
2016-02-21 16:54:15,"0,1"
2016-02-21 16:54:37,"0,1"
2016-02-21 16:55:00,0
2016-02-21 16:55:22,"0,1"
2016-02-21 16:55:44,"0,1"
2016-02-21 16:56:06,"0,1"
2016-02-21 16:56:29,"0,1"
2016-02-21 16:56:51,"0,1"
2016-02-21 16:57:13,"0,2"
2016-02-21 16:57:35,"0,1"
2016-02-21 16:57:58,"0,1"
2016-02-21 16:58:20,"0,1"
2016-02-21 16:58:42,"0,1"
2016-02-21 16:59:04,"0,1"
2016-02-21 16:59:26,"0,1"
2016-02-21 16:59:49,"0,1"
2016-02-21 17:00:11,"0,1"
2016-02-21 17:00:33,"0,1"
2016-02-21 17:00:56,0
2016-02-21 17:01:18,"0,1"
2016-02-21 17:01:41,"0,1"
2016-02-21 17:02:03,"0,1"
2016-02-21 17:02:25,0
2016-02-21 17:02:48,0
2016-02-21 17:03:10,0
2016-02-21 17:03:32,"0,1"
2016-02-21 17:03:54,"0,1"
2016-02-21 17:04:17,"0,1"
2016-02-21 17:04:39,"0,1"
2016-02-21 17:05:01,"0,1"
2016-02-21 17:05:23,0
2016-02-21 17:05:46,0
2016-02-21 17:06:08,"0,1"
2016-02-21 17:06:30,"0,1"
2016-02-21 17:06:52,"0,1"
2016-02-21 17:07:14,"0,1"
2016-02-21 17:07:37,"0,1"
2016-02-21 17:07:59,"0,1"
2016-02-21 17:08:22,"0,1"
2016-02-21 17:08:44,"0,1"
2016-02-21 17:09:06,"0,1"
2016-02-21 17:09:29,0
2016-02-21 17:09:51,0
2016-02-21 17:10:13,0
2016-02-21 17:10:35,0
2016-02-21 17:10:58,"0,1"
2016-02-21 17:11:20,"0,1"
2016-02-21 17:11:42,0
2016-02-21 17:12:04,0
2016-02-21 17:12:27,0
2016-02-21 17:12:49,"0,1"
2016-02-21 17:13:11,0
2016-02-21 17:13:33,0
2016-02-21 17:13:55,"0,2"
2016-02-21 17:14:18,"0,1"
2016-02-21 17:14:40,"0,1"
2016-02-21 17:15:03,"0,1"
2016-02-21 17:15:25,"0,1"
2016-02-21 17:15:48,0
2016-02-21 17:16:10,0
2016-02-21 17:16:32,"0,1"
2016-02-21 17:16:55,0
2016-02-21 17:17:17,0
2016-02-21 17:17:39,"0,1"
2016-02-21 17:18:01,0
2016-02-21 17:18:23,0
2016-02-21 17:18:46,0
2016-02-21 17:19:08,0
2016-02-21 17:19:30,"0,1"
2016-02-21 17:19:52,0
2016-02-21 17:20:15,"0,1"
2016-02-21 17:20:37,"0,2"
2016-02-21 17:20:59,"0,2"
2016-02-21 17:21:22,"0,1"
2016-02-21 17:21:44,0
2016-02-21 17:22:06,0
2016-02-21 17:22:28,0
2016-02-21 17:22:51,"0,1"
2016-02-21 17:23:13,"0,1"
2016-02-21 17:23:36,"0,1"
2016-02-21 17:23:58,"0,1"
2016-02-21 17:24:20,"0,2"
2016-02-21 17:24:42,"0,4"
2016-02-21 17:25:04,"0,3"
2016-02-21 17:25:27,"0,1"
2016-02-21 17:25:49,"0,1"
2016-02-21 17:26:11,"0,1"
2016-02-21 17:26:33,"0,1"
2016-02-21 17:26:56,"0,1"
2016-02-21 17:27:18,"0,1"
2016-02-21 17:27:40,0
2016-02-21 17:28:02,0
2016-02-21 17:28:25,0
2016-02-21 17:28:47,0
2016-02-21 17:29:09,"0,1"
2016-02-21 17:29:31,0
2016-02-21 17:29:53,0
2016-02-21 17:30:16,0
2016-02-21 17:30:39,"0,1"
2016-02-21 17:31:01,"0,1"
2016-02-21 17:31:23,"0,1"
2016-02-21 17:31:45,"0,1"
2016-02-21 17:32:08,0
2016-02-21 17:32:30,"0,1"
2016-02-21 17:32:52,"0,1"
2016-02-21 17:33:14,"0,1"
2016-02-21 17:33:37,"0,1"
2016-02-21 17:33:59,"0,2"
2016-02-21 17:34:21,"0,1"
2016-02-21 17:34:43,"0,1"
2016-02-21 17:35:06,"0,1"
2016-02-21 17:35:28,0
2016-02-21 17:35:50,"0,1"
2016-02-21 17:36:12,"0,4"
2016-02-21 17:36:34,"0,5"
2016-02-21 17:36:57,"0,2"
2016-02-21 17:37:19,"0,1"
2016-02-21 17:37:41,0
2016-02-21 17:38:04,0
2016-02-21 17:38:26,0
2016-02-21 17:38:48,0
2016-02-21 17:39:11,0
2016-02-21 17:39:33,"0,1"
2016-02-21 17:39:55,"0,1"
2016-02-21 17:40:17,"0,1"
2016-02-21 17:40:40,0
2016-02-21 17:41:02,0
2016-02-21 17:41:24,0
2016-02-21 17:41:46,0
2016-02-21 17:42:09,0
2016-02-21 17:42:31,0
2016-02-21 17:42:53,0
2016-02-21 17:43:16,"0,1"
2016-02-21 17:43:38,0
2016-02-21 17:44:00,0
2016-02-21 17:44:22,0
2016-02-21 17:44:44,0
2016-02-21 17:45:07,0
2016-02-21 17:45:30,0
2016-02-21 17:45:52,0
2016-02-21 17:46:14,0
2016-02-21 17:46:37,0
2016-02-21 17:46:59,0
2016-02-21 17:47:21,0
2016-02-21 17:47:43,"0,1"
2016-02-21 17:48:06,"0,1"
2016-02-21 17:48:28,"0,2"
2016-02-21 17:48:50,"0,3"
2016-02-21 17:49:12,"0,2"
2016-02-21 17:49:35,"0,1"
2016-02-21 17:49:57,"0,1"
2016-02-21 17:50:19,"0,1"
2016-02-21 17:50:42,0
2016-02-21 17:51:04,0
2016-02-21 17:51:26,0
2016-02-21 17:51:48,0
2016-02-21 17:52:11,0
2016-02-21 17:52:33,0
2016-02-21 17:52:56,0
2016-02-21 17:53:18,0
2016-02-21 17:53:40,"0,1"
2016-02-21 17:54:02,0
2016-02-21 17:54:24,"0,3"
2016-02-21 17:54:47,0
2016-02-21 17:55:09,0
2016-02-21 17:55:31,"0,2"
2016-02-21 17:55:53,"0,1"
2016-02-21 17:56:16,"0,1"
2016-02-21 17:56:38,"0,2"
2016-02-21 17:57:00,0
2016-02-21 17:57:22,"0,1"
2016-02-21 17:57:45,0
2016-02-21 17:58:07,0
2016-02-21 17:58:29,0
2016-02-21 17:58:51,0
2016-02-21 17:59:14,0
2016-02-21 17:59:36,0
2016-02-21 17:59:58,"0,1"
2016-02-21 18:00:21,0
2016-02-21 18:00:43,0
2016-02-21 18:01:05,0
2016-02-21 18:01:27,"0,1"
2016-02-21 18:01:50,"0,1"
2016-02-21 18:02:12,"0,1"
2016-02-21 18:02:34,"0,1"
2016-02-21 18:02:56,"0,1"
2016-02-21 18:03:19,"0,1"
2016-02-21 18:03:41,"0,2"
2016-02-21 18:04:03,"0,1"
2016-02-21 18:04:25,"0,2"
2016-02-21 18:04:48,"0,2"
2016-02-21 18:05:10,"0,2"
2016-02-21 18:05:32,"0,2"
2016-02-21 18:05:54,"0,1"
2016-02-21 18:06:16,"0,1"
2016-02-21 18:06:39,"0,1"
2016-02-21 18:07:01,0
2016-02-21 18:07:23,"0,1"
2016-02-21 18:07:46,"0,1"
2016-02-21 18:08:08,0
2016-02-21 18:08:30,0
2016-02-21 18:08:53,0
2016-02-21 18:09:15,"0,1"
2016-02-21 18:09:37,0
2016-02-21 18:09:59,0
2016-02-21 18:10:21,"0,1"
2016-02-21 18:10:44,0
2016-02-21 18:11:06,0
2016-02-21 18:11:28,"0,1"
2016-02-21 18:11:50,0
2016-02-21 18:12:13,0
2016-02-21 18:12:35,"0,1"
2016-02-21 18:12:57,"0,1"
2016-02-21 18:13:19,0
2016-02-21 18:13:42,"0,1"
2016-02-21 18:14:04,"0,1"
2016-02-21 18:14:26,"0,1"
2016-02-21 18:14:49,0
2016-02-21 18:15:11,"0,1"
2016-02-21 18:15:33,0
2016-02-21 18:15:56,0
2016-02-21 18:16:18,0
2016-02-21 18:16:40,0
2016-02-21 18:17:02,0
2016-02-21 18:17:25,0
2016-02-21 18:17:47,"0,1"
2016-02-21 18:18:09,0
2016-02-21 18:18:31,0
2016-02-21 18:18:54,"0,1"
2016-02-21 18:19:16,"0,1"
2016-02-21 18:19:38,"0,3"
2016-02-21 18:20:01,"0,3"
2016-02-21 18:20:23,"0,2"
2016-02-21 18:20:46,"0,3"
2016-02-21 18:21:08,"0,1"
2016-02-21 18:21:30,"0,2"
2016-02-21 18:21:52,"0,2"
2016-02-21 18:22:14,"0,1"
2016-02-21 18:22:38,"0,1"
2016-02-21 18:23:00,"0,1"
2016-02-21 18:23:22,"0,1"
2016-02-21 18:23:44,"0,2"
2016-02-21 18:24:06,"0,1"
2016-02-21 18:24:29,"0,1"
2016-02-21 18:24:51,"0,1"
2016-02-21 18:25:13,"0,1"
2016-02-21 18:25:36,"0,1"
2016-02-21 18:25:58,"0,3"
2016-02-21 18:26:20,"0,5"
2016-02-21 18:26:42,"0,4"
2016-02-21 18:27:05,"0,4"
2016-02-21 18:27:27,"0,4"
2016-02-21 18:27:49,"0,4"
2016-02-21 18:28:11,"0,4"
2016-02-21 18:28:34,"0,3"
2016-02-21 18:28:56,"0,3"
2016-02-21 18:29:18,"0,3"
2016-02-21 18:29:41,"0,2"
2016-02-21 18:30:03,"0,1"
2016-02-21 18:30:26,"0,2"
2016-02-21 18:30:48,"0,3"
2016-02-21 18:31:10,"0,2"
2016-02-21 18:31:32,"0,2"
2016-02-21 18:31:55,"0,3"
2016-02-21 18:32:17,"0,4"
2016-02-21 18:32:39,"0,3"
2016-02-21 18:33:01,"0,2"
2016-02-21 18:33:23,"0,2"
2016-02-21 18:33:46,"0,4"
2016-02-21 18:34:08,"0,4"
2016-02-21 18:34:30,"0,3"
2016-02-21 18:34:52,"0,2"
2016-02-21 18:35:15,"0,2"
2016-02-21 18:35:37,"0,2"
2016-02-21 18:35:59,"0,1"
2016-02-21 18:36:21,"0,1"
2016-02-21 18:36:44,"0,1"
2016-02-21 18:37:06,0
2016-02-21 18:37:28,0
2016-02-21 18:37:51,0
2016-02-21 18:38:13,"0,1"
2016-02-21 18:38:36,0
2016-02-21 18:38:58,0
2016-02-21 18:39:20,0
2016-02-21 18:39:42,"0,1"
2016-02-21 18:40:05,"0,1"
2016-02-21 18:40:27,"0,1"
2016-02-21 18:40:49,"0,2"
2016-02-21 18:41:11,"0,2"
2016-02-21 18:41:33,"0,2"
2016-02-21 18:41:56,"0,1"
2016-02-21 18:42:18,"0,1"
2016-02-21 18:42:40,"0,1"
2016-02-21 18:43:02,"0,1"
2016-02-21 18:43:25,"0,1"
2016-02-21 18:43:47,"0,2"
2016-02-21 18:44:09,"0,2"
2016-02-21 18:44:31,"0,2"
2016-02-21 18:44:54,"0,2"
2016-02-21 18:45:16,"0,2"
2016-02-21 18:45:38,"0,2"
2016-02-21 18:46:01,"0,2"
2016-02-21 18:46:23,"0,2"
2016-02-21 18:46:45,"0,2"
2016-02-21 18:47:07,"0,2"
2016-02-21 18:47:30,"0,2"
2016-02-21 18:47:52,"0,2"
2016-02-21 18:48:15,"0,1"
2016-02-21 18:48:37,"0,1"
2016-02-21 18:48:59,"0,1"
2016-02-21 18:49:22,"0,1"
2016-02-21 18:49:44,"0,1"
2016-02-21 18:50:06,0
2016-02-21 18:50:28,"0,1"
2016-02-21 18:50:51,"0,1"
2016-02-21 18:51:13,"0,1"
2016-02-21 18:51:35,"0,3"
2016-02-21 18:51:57,"0,4"
2016-02-21 18:52:20,"0,2"
2016-02-21 18:52:43,0
2016-02-21 18:53:05,"0,1"
2016-02-21 18:53:27,"0,1"
2016-02-21 18:53:50,"0,1"
2016-02-21 18:54:12,0
2016-02-21 18:54:34,0
2016-02-21 18:54:57,"0,1"
2016-02-21 18:55:19,"0,2"
2016-02-21 18:55:41,"0,2"
2016-02-21 18:56:04,"0,1"
2016-02-21 18:56:26,"0,1"
2016-02-21 18:56:48,"0,1"
2016-02-21 18:57:10,"0,1"
2016-02-21 18:57:33,"0,2"
2016-02-21 18:57:55,"0,1"
2016-02-21 18:58:17,"0,2"
2016-02-21 18:58:40,"0,3"
2016-02-21 18:59:02,"0,2"
2016-02-21 18:59:24,"0,3"
2016-02-21 18:59:47,"0,2"
2016-02-21 19:00:09,"0,2"
2016-02-21 19:00:32,"0,3"
2016-02-21 19:00:54,"0,3"
2016-02-21 19:01:17,"0,1"
2016-02-21 19:01:39,"0,3"
2016-02-21 19:02:01,"0,3"
2016-02-21 19:02:24,"0,4"
2016-02-21 19:02:46,"0,3"
2016-02-21 19:03:08,"0,2"
2016-02-21 19:03:30,"0,1"
2016-02-21 19:03:53,"0,2"
2016-02-21 19:04:15,"0,1"
2016-02-21 19:04:37,"0,1"
2016-02-21 19:04:59,"0,1"
2016-02-21 19:05:22,0
2016-02-21 19:05:44,"0,1"
2016-02-21 19:06:06,0
2016-02-21 19:06:28,0
2016-02-21 19:06:50,0
2016-02-21 19:07:13,0
2016-02-21 19:07:35,0
2016-02-21 19:07:58,0
2016-02-21 19:08:20,"0,2"
2016-02-21 19:08:42,"0,2"
2016-02-21 19:09:04,"0,1"
2016-02-21 19:09:27,0
2016-02-21 19:09:49,0
2016-02-21 19:10:11,"0,1"
2016-02-21 19:10:33,"0,1"
2016-02-21 19:10:55,"0,1"
2016-02-21 19:11:18,"0,1"
2016-02-21 19:11:40,0
2016-02-21 19:12:02,0
2016-02-21 19:12:24,0
2016-02-21 19:12:47,0
2016-02-21 19:13:09,0
2016-02-21 19:13:32,0
2016-02-21 19:13:54,0
2016-02-21 19:14:16,0
2016-02-21 19:14:39,0
2016-02-21 19:15:02,0
2016-02-21 19:15:24,0
2016-02-21 19:15:46,0
2016-02-21 19:16:08,0
2016-02-21 19:16:31,"0,1"
2016-02-21 19:16:53,0
2016-02-21 19:17:15,0
2016-02-21 19:17:37,0
2016-02-21 19:18:00,0
2016-02-21 19:18:22,"0,1"
2016-02-21 19:18:44,"0,1"
2016-02-21 19:19:06,"0,2"
2016-02-21 19:19:28,"0,2"
2016-02-21 19:19:51,"0,1"
2016-02-21 19:20:13,"0,1"
2016-02-21 19:20:35,"0,1"
2016-02-21 19:20:57,"0,1"
2016-02-21 19:21:20,0
2016-02-21 19:21:42,"0,5"
2016-02-21 19:22:05,"0,4"
2016-02-21 19:22:27,"0,1"
2016-02-21 19:22:49,"0,1"
2016-02-21 19:23:12,"0,2"
2016-02-21 19:23:34,"0,2"
2016-02-21 19:23:56,"0,1"
2016-02-21 19:24:18,"0,1"
2016-02-21 19:24:41,"0,1"
2016-02-21 19:25:03,"0,2"
2016-02-21 19:25:25,"0,1"
2016-02-21 19:25:47,"0,1"
2016-02-21 19:26:09,"0,1"
2016-02-21 19:26:32,"0,1"
2016-02-21 19:26:54,"0,1"
2016-02-21 19:27:16,"0,1"
2016-02-21 19:27:38,"0,1"
2016-02-21 19:28:01,"0,2"
2016-02-21 19:28:23,"0,2"
2016-02-21 19:28:45,"0,2"
2016-02-21 19:29:07,"0,3"
2016-02-21 19:29:30,"0,4"
2016-02-21 19:29:53,"0,3"
2016-02-21 19:30:15,"0,2"
2016-02-21 19:30:37,"0,2"
2016-02-21 19:31:00,"0,2"
2016-02-21 19:31:22,"0,3"
2016-02-21 19:31:44,"0,3"
2016-02-21 19:32:06,"0,2"
2016-02-21 19:32:29,"0,2"
2016-02-21 19:32:51,"0,2"
2016-02-21 19:33:13,"0,2"
2016-02-21 19:33:36,"0,3"
2016-02-21 19:33:58,"0,2"
2016-02-21 19:34:20,"0,2"
2016-02-21 19:34:43,"0,2"
2016-02-21 19:35:05,"0,1"
2016-02-21 19:35:27,"0,1"
2016-02-21 19:35:49,"0,1"
2016-02-21 19:36:12,"0,1"
2016-02-21 19:36:34,"0,1"
2016-02-21 19:36:57,"0,2"
2016-02-21 19:37:19,"0,2"
2016-02-21 19:37:42,"0,1"
2016-02-21 19:38:04,"0,2"
2016-02-21 19:38:26,"0,2"
2016-02-21 19:38:48,"0,2"
2016-02-21 19:39:10,"0,4"
2016-02-21 19:39:33,"0,3"
2016-02-21 19:39:55,"0,2"
2016-02-21 19:40:17,"0,2"
2016-02-21 19:40:39,"0,2"
2016-02-21 19:41:02,"0,2"
2016-02-21 19:41:24,"0,3"
2016-02-21 19:41:46,"0,2"
2016-02-21 19:42:09,"0,3"
2016-02-21 19:42:31,"0,3"
2016-02-21 19:42:54,"0,7"
2016-02-21 19:43:16,"0,6"
2016-02-21 19:43:38,"0,4"
2016-02-21 19:44:00,"0,6"
2016-02-21 19:44:23,"0,3"
2016-02-21 19:44:45,"0,2"
2016-02-21 19:45:07,"0,1"
2016-02-21 19:45:30,"0,1"
2016-02-21 19:45:52,"0,1"
2016-02-21 19:46:14,"0,1"
2016-02-21 19:46:36,"0,1"
2016-02-21 19:46:59,"0,1"
2016-02-21 19:47:21,"0,2"
2016-02-21 19:47:43,"0,2"
2016-02-21 19:48:06,"0,3"
2016-02-21 19:48:28,"0,2"
2016-02-21 19:48:50,"0,1"
2016-02-21 19:49:12,"0,3"
2016-02-21 19:49:35,"0,3"
2016-02-21 19:49:57,"0,3"
2016-02-21 19:50:19,"0,3"
2016-02-21 19:50:41,"0,2"
2016-02-21 19:51:04,"0,2"
2016-02-21 19:51:26,"0,1"
2016-02-21 19:51:49,"0,1"
2016-02-21 19:52:11,"0,1"
2016-02-21 19:52:33,"0,1"
2016-02-21 19:52:55,"0,1"
2016-02-21 19:53:17,"0,1"
2016-02-21 19:53:40,"0,1"
2016-02-21 19:54:02,"0,2"
2016-02-21 19:54:24,"0,2"
2016-02-21 19:54:46,"0,2"
2016-02-21 19:55:09,"0,3"
2016-02-21 19:55:31,"0,2"
2016-02-21 19:55:53,"0,1"
2016-02-21 19:56:15,"0,1"
2016-02-21 19:56:38,"0,1"
2016-02-21 19:57:00,"0,1"
2016-02-21 19:57:22,"0,2"
2016-02-21 19:57:44,"0,2"
2016-02-21 19:58:07,"0,2"
2016-02-21 19:58:29,"0,2"
2016-02-21 19:58:51,"0,2"
2016-02-21 19:59:14,"0,1"
2016-02-21 19:59:36,"0,1"
2016-02-21 19:59:58,"0,1"
2016-02-21 20:00:21,"0,2"
2016-02-21 20:00:43,"0,2"
2016-02-21 20:01:06,"0,1"
2016-02-21 20:01:28,"0,1"
2016-02-21 20:01:50,"0,1"
2016-02-21 20:02:12,0
2016-02-21 20:02:35,"0,1"
2016-02-21 20:02:57,"0,1"
2016-02-21 20:03:19,0
2016-02-21 20:03:41,"0,1"
2016-02-21 20:04:03,"0,1"
2016-02-21 20:04:26,"0,1"
2016-02-21 20:04:48,"0,1"
2016-02-21 20:05:11,"0,1"
2016-02-21 20:05:33,"0,1"
2016-02-21 20:05:55,0
2016-02-21 20:06:17,"0,1"
2016-02-21 20:06:40,0
2016-02-21 20:07:03,0
2016-02-21 20:07:25,0
2016-02-21 20:07:47,0
2016-02-21 20:08:09,0
2016-02-21 20:08:32,0
2016-02-21 20:08:54,"0,1"
2016-02-21 20:09:16,"0,1"
2016-02-21 20:09:38,"0,1"
2016-02-21 20:10:00,0
2016-02-21 20:10:23,0
2016-02-21 20:10:45,0
2016-02-21 20:11:08,0
2016-02-21 20:11:30,0
2016-02-21 20:11:52,"0,1"
2016-02-21 20:12:14,"0,1"
2016-02-21 20:12:37,0
2016-02-21 20:12:59,"0,1"
2016-02-21 20:13:21,0
2016-02-21 20:13:43,0
2016-02-21 20:14:06,0
2016-02-21 20:14:29,0
2016-02-21 20:14:51,0
2016-02-21 20:15:13,"0,1"
2016-02-21 20:15:35,"0,1"
2016-02-21 20:15:57,0
2016-02-21 20:16:20,0
2016-02-21 20:16:42,"0,1"
2016-02-21 20:17:05,"0,1"
2016-02-21 20:17:27,"0,1"
2016-02-21 20:17:49,"0,1"
2016-02-21 20:18:11,"0,1"
2016-02-21 20:18:34,"0,1"
2016-02-21 20:18:56,"0,1"
2016-02-21 20:19:18,"0,1"
2016-02-21 20:19:40,"0,1"
2016-02-21 20:20:02,"0,1"
2016-02-21 20:20:25,"0,1"
2016-02-21 20:20:47,"0,1"
2016-02-21 20:21:09,"0,1"
2016-02-21 20:21:32,"0,1"
2016-02-21 20:21:54,"0,1"
2016-02-21 20:22:17,"0,1"
2016-02-21 20:22:39,0
2016-02-21 20:23:01,0
2016-02-21 20:23:23,0
2016-02-21 20:23:46,0
2016-02-21 20:24:08,"0,1"
2016-02-21 20:24:30,"0,1"
2016-02-21 20:24:52,"0,1"
2016-02-21 20:25:15,0
2016-02-21 20:25:37,0
2016-02-21 20:25:59,0
2016-02-21 20:26:21,0
2016-02-21 20:26:44,"0,1"
2016-02-21 20:27:06,"0,1"
2016-02-21 20:27:28,"0,2"
2016-02-21 20:27:50,"0,1"
2016-02-21 20:28:12,"0,1"
2016-02-21 20:28:35,"0,1"
2016-02-21 20:28:58,"0,1"
2016-02-21 20:29:20,"0,1"
2016-02-21 20:29:42,0
2016-02-21 20:30:05,"0,1"
2016-02-21 20:30:27,0
2016-02-21 20:30:49,0
2016-02-21 20:31:11,"0,1"
2016-02-21 20:31:33,0
2016-02-21 20:31:56,0
2016-02-21 20:32:18,"0,1"
2016-02-21 20:32:41,"0,1"
2016-02-21 20:33:03,"0,1"
2016-02-21 20:33:25,0
2016-02-21 20:33:47,0
2016-02-21 20:34:10,0
2016-02-21 20:34:32,0
2016-02-21 20:34:54,0
2016-02-21 20:35:16,0
2016-02-21 20:35:38,0
2016-02-21 20:36:01,"0,1"
2016-02-21 20:36:24,0
2016-02-21 20:36:46,0
2016-02-21 20:37:08,0
2016-02-21 20:37:30,0
2016-02-21 20:37:53,"0,1"
2016-02-21 20:38:15,"0,1"
2016-02-21 20:38:37,"0,1"
2016-02-21 20:39:00,"0,1"
2016-02-21 20:39:22,"0,1"
2016-02-21 20:39:44,"0,2"
2016-02-21 20:40:07,"0,2"
2016-02-21 20:40:29,"0,2"
2016-02-21 20:40:51,"0,2"
2016-02-21 20:41:13,"0,2"
2016-02-21 20:41:35,"0,1"
2016-02-21 20:41:58,"0,1"
2016-02-21 20:42:20,"0,1"
2016-02-21 20:42:43,"0,1"
2016-02-21 20:43:05,"0,1"
2016-02-21 20:43:27,"0,1"
2016-02-21 20:43:50,"0,1"
2016-02-21 20:44:12,"0,1"
2016-02-21 20:44:35,0
2016-02-21 20:44:57,0
2016-02-21 20:45:19,0
2016-02-21 20:45:41,0
2016-02-21 20:46:04,0
2016-02-21 20:46:26,"0,1"
2016-02-21 20:46:48,"0,1"
2016-02-21 20:47:10,"0,1"
2016-02-21 20:47:32,"0,1"
2016-02-21 20:47:55,"0,1"
2016-02-21 20:48:17,"0,2"
2016-02-21 20:48:40,"0,2"
2016-02-21 20:49:02,"0,2"
2016-02-21 20:49:24,"0,2"
2016-02-21 20:49:46,"0,2"
2016-02-21 20:50:09,"0,1"
2016-02-21 20:50:31,"0,1"
2016-02-21 20:50:53,"0,1"
2016-02-21 20:51:16,"0,1"
2016-02-21 20:51:38,"0,1"
2016-02-21 20:52:00,0
2016-02-21 20:52:22,"0,1"
2016-02-21 20:52:45,"0,1"
2016-02-21 20:53:07,"0,1"
2016-02-21 20:53:29,0
2016-02-21 20:53:51,"0,1"
2016-02-21 20:54:14,"0,5"
2016-02-21 20:54:36,"0,2"
2016-02-21 20:54:58,"0,1"
2016-02-21 20:55:20,"0,1"
2016-02-21 20:55:42,"0,1"
2016-02-21 20:56:05,"0,1"
2016-02-21 20:56:27,"0,1"
2016-02-21 20:56:49,"0,1"
2016-02-21 20:57:11,"0,1"
2016-02-21 20:57:34,0
2016-02-21 20:57:56,0
2016-02-21 20:58:18,"0,1"
2016-02-21 20:58:41,0
2016-02-21 20:59:03,0
2016-02-21 20:59:25,0
2016-02-21 20:59:47,"0,3"
2016-02-21 21:00:10,"0,2"
2016-02-21 21:00:32,"0,2"
2016-02-21 21:00:55,"0,1"
2016-02-21 21:01:17,0
2016-02-21 21:01:39,0
2016-02-21 21:02:01,0
2016-02-21 21:02:24,"0,1"
2016-02-21 21:02:46,"0,1"
2016-02-21 21:03:08,0
2016-02-21 21:03:31,0
2016-02-21 21:03:53,"0,1"
2016-02-21 21:04:15,"0,1"
2016-02-21 21:04:37,"0,1"
2016-02-21 21:05:00,0
2016-02-21 21:05:22,"0,1"
2016-02-21 21:05:44,0
2016-02-21 21:06:07,"0,1"
2016-02-21 21:06:29,"0,1"
2016-02-21 21:06:52,"0,1"
2016-02-21 21:07:14,"0,1"
2016-02-21 21:07:36,0
2016-02-21 21:07:58,"0,1"
2016-02-21 21:08:21,"0,1"
2016-02-21 21:08:43,"0,1"
2016-02-21 21:09:05,"0,1"
2016-02-21 21:09:27,"0,1"
2016-02-21 21:09:49,"0,1"
2016-02-21 21:10:12,"0,1"
2016-02-21 21:10:34,"0,1"
2016-02-21 21:10:56,"0,1"
2016-02-21 21:11:18,"0,1"
2016-02-21 21:11:41,"0,1"
2016-02-21 21:12:03,"0,1"
2016-02-21 21:12:25,0
2016-02-21 21:12:47,"0,1"
2016-02-21 21:13:10,"0,1"
2016-02-21 21:13:32,"0,1"
2016-02-21 21:13:55,"0,1"
2016-02-21 21:14:17,"0,1"
2016-02-21 21:14:39,0
2016-02-21 21:15:01,"0,1"
2016-02-21 21:15:24,"0,1"
2016-02-21 21:15:46,"0,1"
2016-02-21 21:16:08,"0,1"
2016-02-21 21:16:30,"0,1"
2016-02-21 21:16:52,"0,1"
2016-02-21 21:17:15,"0,1"
2016-02-21 21:17:37,"0,1"
2016-02-21 21:18:00,"0,1"
2016-02-21 21:18:22,"0,1"
2016-02-21 21:18:44,"0,4"
2016-02-21 21:19:07,"0,3"
2016-02-21 21:19:29,"0,4"
2016-02-21 21:19:51,"0,2"
2016-02-21 21:20:13,"0,1"
2016-02-21 21:20:36,"0,1"
2016-02-21 21:20:58,"0,1"
2016-02-21 21:21:21,"0,1"
2016-02-21 21:21:43,"0,2"
2016-02-21 21:22:05,"0,1"
2016-02-21 21:22:27,"0,2"
2016-02-21 21:22:50,"0,2"
2016-02-21 21:23:12,"0,1"
2016-02-21 21:23:34,"0,1"
2016-02-21 21:23:57,"0,3"
2016-02-21 21:24:19,"0,2"
2016-02-21 21:24:41,"0,1"
2016-02-21 21:25:03,"0,2"
2016-02-21 21:25:26,"0,1"
2016-02-21 21:25:48,"0,2"
2016-02-21 21:26:10,"0,2"
2016-02-21 21:26:32,"0,2"
2016-02-21 21:26:55,"0,2"
2016-02-21 21:27:17,"0,1"
2016-02-21 21:27:39,"0,1"
2016-02-21 21:28:01,"0,2"
2016-02-21 21:28:24,"0,3"
2016-02-21 21:28:46,"0,2"
2016-02-21 21:29:08,"0,2"
2016-02-21 21:29:31,"0,2"
2016-02-21 21:29:53,"0,2"
2016-02-21 21:30:16,"0,1"
2016-02-21 21:30:38,"0,1"
2016-02-21 21:31:00,"0,2"
2016-02-21 21:31:23,"0,1"
2016-02-21 21:31:45,"0,1"
2016-02-21 21:32:07,"0,1"
2016-02-21 21:32:30,"0,1"
2016-02-21 21:32:52,"0,2"
2016-02-21 21:33:14,"0,1"
2016-02-21 21:33:36,"0,1"
2016-02-21 21:33:59,"0,2"
2016-02-21 21:34:21,"0,3"
2016-02-21 21:34:43,"0,3"
2016-02-21 21:35:05,"0,2"
2016-02-21 21:35:28,"0,2"
2016-02-21 21:35:51,"0,2"
2016-02-21 21:36:13,"0,2"
2016-02-21 21:36:35,"0,2"
2016-02-21 21:36:57,"0,2"
2016-02-21 21:37:20,"0,1"
2016-02-21 21:37:42,"0,1"
2016-02-21 21:38:04,"0,1"
2016-02-21 21:38:26,"0,1"
2016-02-21 21:38:49,"0,1"
2016-02-21 21:39:11,0
2016-02-21 21:39:33,0
2016-02-21 21:39:55,"0,1"
2016-02-21 21:40:17,"0,1"
2016-02-21 21:40:40,"0,1"
2016-02-21 21:41:02,"0,1"
2016-02-21 21:41:24,0
2016-02-21 21:41:47,0
2016-02-21 21:42:09,0
2016-02-21 21:42:31,0
2016-02-21 21:42:53,0
2016-02-21 21:43:16,"0,1"
2016-02-21 21:43:38,"0,1"
2016-02-21 21:44:01,"0,1"
2016-02-21 21:44:23,0
2016-02-21 21:44:45,0
2016-02-21 21:45:07,0
2016-02-21 21:45:30,0
2016-02-21 21:45:52,0
2016-02-21 21:46:14,0
2016-02-21 21:46:37,0
2016-02-21 21:46:59,0
2016-02-21 21:47:21,0
2016-02-21 21:47:43,0
2016-02-21 21:48:06,0
2016-02-21 21:48:28,0
2016-02-21 21:48:50,"0,1"
2016-02-21 21:49:12,"0,1"
2016-02-21 21:49:35,0
2016-02-21 21:49:57,0
2016-02-21 21:50:19,0
2016-02-21 21:50:42,0
2016-02-21 21:51:04,0
2016-02-21 21:51:26,0
2016-02-21 21:51:48,"0,1"
2016-02-21 21:52:11,"0,2"
2016-02-21 21:52:33,"0,1"
2016-02-21 21:52:55,0
2016-02-21 21:53:17,"0,1"
2016-02-21 21:53:40,"0,1"
2016-02-21 21:54:02,0
2016-02-21 21:54:24,0
2016-02-21 21:54:46,0
2016-02-21 21:55:09,0
2016-02-21 21:55:31,0
2016-02-21 21:55:53,0
2016-02-21 21:56:15,"0,1"
2016-02-21 21:56:37,"0,1"
2016-02-21 21:57:00,"0,1"
2016-02-21 21:57:22,"0,1"
2016-02-21 21:57:44,0
2016-02-21 21:58:07,0
2016-02-21 21:58:29,0
2016-02-21 21:58:51,0
2016-02-21 21:59:13,0
2016-02-21 21:59:36,0
2016-02-21 21:59:58,0
2016-02-21 22:00:21,0
2016-02-21 22:00:43,0
2016-02-21 22:01:05,0
2016-02-21 22:01:27,"0,1"
2016-02-21 22:01:50,0
2016-02-21 22:02:12,0
2016-02-21 22:02:34,0
2016-02-21 22:02:56,0
2016-02-21 22:03:18,0
2016-02-21 22:03:41,0
2016-02-21 22:04:03,0
2016-02-21 22:04:25,0
2016-02-21 22:04:47,0
2016-02-21 22:05:10,0
2016-02-21 22:05:32,0
2016-02-21 22:05:55,0
2016-02-21 22:06:17,0
2016-02-21 22:06:39,0
2016-02-21 22:07:01,0
2016-02-21 22:07:23,0
2016-02-21 22:07:46,0
2016-02-21 22:08:08,0
2016-02-21 22:08:30,0
2016-02-21 22:08:52,0
2016-02-21 22:09:15,0
2016-02-21 22:09:37,0
2016-02-21 22:09:59,0
2016-02-21 22:10:21,0
2016-02-21 22:10:44,0
2016-02-21 22:11:06,0
2016-02-21 22:11:28,0
2016-02-21 22:11:50,0
2016-02-21 22:12:13,0
2016-02-21 22:12:35,0
2016-02-21 22:12:58,0
2016-02-21 22:13:20,0
2016-02-21 22:13:42,0
2016-02-21 22:14:05,0
2016-02-21 22:14:27,0
2016-02-21 22:14:49,0
2016-02-21 22:15:11,0
2016-02-21 22:15:34,0
2016-02-21 22:15:56,0
2016-02-21 22:16:18,0
2016-02-21 22:16:40,0
2016-02-21 22:17:02,0
2016-02-21 22:17:25,0
2016-02-21 22:17:47,0
2016-02-21 22:18:09,0
2016-02-21 22:18:31,0
2016-02-21 22:18:54,0
2016-02-21 22:19:16,0
2016-02-21 22:19:38,0
2016-02-21 22:20:00,0
2016-02-21 22:20:23,0
2016-02-21 22:20:46,0
2016-02-21 22:21:08,0
2016-02-21 22:21:30,0
2016-02-21 22:21:52,0
2016-02-21 22:22:15,0
2016-02-21 22:22:37,0
2016-02-21 22:22:59,0
2016-02-21 22:23:22,0
2016-02-21 22:23:44,0
2016-02-21 22:24:06,0
2016-02-21 22:24:28,0
2016-02-21 22:24:51,0
2016-02-21 22:25:13,0
2016-02-21 22:25:35,"0,1"
2016-02-21 22:25:57,0
2016-02-21 22:26:20,0
2016-02-21 22:26:42,0
2016-02-21 22:27:04,0
2016-02-21 22:27:26,0
2016-02-21 22:27:49,0
2016-02-21 22:28:11,0
2016-02-21 22:28:33,0
2016-02-21 22:28:56,"0,1"
2016-02-21 22:29:18,"0,1"
2016-02-21 22:29:41,"0,1"
2016-02-21 22:30:03,0
2016-02-21 22:30:25,0
2016-02-21 22:30:47,0
2016-02-21 22:31:09,0
2016-02-21 22:31:32,0
2016-02-21 22:31:54,"0,1"
2016-02-21 22:32:17,0
2016-02-21 22:32:39,0
2016-02-21 22:33:01,0
2016-02-21 22:33:23,0
2016-02-21 22:33:46,0
2016-02-21 22:34:08,0
2016-02-21 22:34:30,0
2016-02-21 22:34:53,0
2016-02-21 22:35:15,0
2016-02-21 22:35:38,0
2016-02-21 22:36:00,0
2016-02-21 22:36:22,0
2016-02-21 22:36:44,0
2016-02-21 22:37:07,0
2016-02-21 22:37:29,0
2016-02-21 22:37:51,0
2016-02-21 22:38:13,0
2016-02-21 22:38:35,0
2016-02-21 22:38:58,0
2016-02-21 22:39:20,"0,2"
2016-02-21 22:39:42,"0,2"
2016-02-21 22:40:04,0
2016-02-21 22:40:27,0
2016-02-21 22:40:49,"0,1"
2016-02-21 22:41:11,0
2016-02-21 22:41:34,0
2016-02-21 22:41:56,0
2016-02-21 22:42:18,0
2016-02-21 22:42:41,0
2016-02-21 22:43:03,0
2016-02-21 22:43:25,0
2016-02-21 22:43:48,0
2016-02-21 22:44:10,0
2016-02-21 22:44:32,0
2016-02-21 22:44:54,0
2016-02-21 22:45:17,0
2016-02-21 22:45:39,0
2016-02-21 22:46:01,"0,1"
2016-02-21 22:46:23,0
2016-02-21 22:46:46,"0,1"
2016-02-21 22:47:08,0
2016-02-21 22:47:30,0
2016-02-21 22:47:53,0
2016-02-21 22:48:15,0
2016-02-21 22:48:37,0
2016-02-21 22:48:59,0
2016-02-21 22:49:22,0
2016-02-21 22:49:44,0
2016-02-21 22:50:07,0
2016-02-21 22:50:29,0
2016-02-21 22:50:51,0
2016-02-21 22:51:13,0
2016-02-21 22:51:35,0
2016-02-21 22:51:58,0
2016-02-21 22:52:20,0
2016-02-21 22:52:42,0
2016-02-21 22:53:04,"0,1"
2016-02-21 22:53:27,0
2016-02-21 22:53:49,0
2016-02-21 22:54:11,0
2016-02-21 22:54:33,0
2016-02-21 22:54:56,0
2016-02-21 22:55:18,0
2016-02-21 22:55:40,0
2016-02-21 22:56:02,0
2016-02-21 22:56:25,0
2016-02-21 22:56:47,0
2016-02-21 22:57:09,0
2016-02-21 22:57:32,0
2016-02-21 22:57:54,0
2016-02-21 22:58:16,0
2016-02-21 22:58:38,0
2016-02-21 22:59:01,0
2016-02-21 22:59:23,0
2016-02-21 22:59:45,0
2016-02-21 23:00:07,0
2016-02-21 23:00:30,0
2016-02-21 23:00:52,0
2016-02-21 23:01:14,0
2016-02-21 23:01:36,0
2016-02-21 23:01:59,0
2016-02-21 23:02:21,0
2016-02-21 23:02:43,0
2016-02-21 23:03:05,0
2016-02-21 23:03:28,"0,1"
2016-02-21 23:03:50,0
2016-02-21 23:04:12,0
2016-02-21 23:04:34,0
2016-02-21 23:04:57,0
2016-02-21 23:05:19,"0,1"
2016-02-21 23:05:42,"0,1"
2016-02-21 23:06:04,"0,2"
2016-02-21 23:06:27,"0,2"
2016-02-21 23:06:49,"0,2"
2016-02-21 23:07:11,"0,1"
2016-02-21 23:07:34,"0,1"
2016-02-21 23:07:56,"0,1"
2016-02-21 23:08:18,"0,1"
2016-02-21 23:08:40,"0,1"
2016-02-21 23:09:03,"0,1"
2016-02-21 23:09:25,"0,1"
2016-02-21 23:09:47,"0,2"
2016-02-21 23:10:09,"0,1"
2016-02-21 23:10:32,"0,1"
2016-02-21 23:10:54,0
2016-02-21 23:11:16,0
2016-02-21 23:11:38,"0,1"
2016-02-21 23:12:01,0
2016-02-21 23:12:23,0
2016-02-21 23:12:46,0
2016-02-21 23:13:08,0
2016-02-21 23:13:30,0
2016-02-21 23:13:52,0
2016-02-21 23:14:15,"0,1"
2016-02-21 23:14:37,"0,1"
2016-02-21 23:14:59,0
2016-02-21 23:15:21,"0,1"
2016-02-21 23:15:44,"0,1"
2016-02-21 23:16:06,"0,1"
2016-02-21 23:16:28,"0,1"
2016-02-21 23:16:51,0
2016-02-21 23:17:13,0
2016-02-21 23:17:35,"0,2"
2016-02-21 23:17:57,"0,2"
2016-02-21 23:18:20,"0,1"
2016-02-21 23:18:42,0
2016-02-21 23:19:04,0
2016-02-21 23:19:26,0
2016-02-21 23:19:50,0
2016-02-21 23:20:12,0
2016-02-21 23:20:34,0
2016-02-21 23:20:56,0
2016-02-21 23:21:18,0
2016-02-21 23:21:41,0
2016-02-21 23:22:03,0
2016-02-21 23:22:25,0
2016-02-21 23:22:47,0
2016-02-21 23:23:10,"0,1"
2016-02-21 23:23:32,"0,1"
2016-02-21 23:23:55,"0,1"
2016-02-21 23:24:17,"0,1"
2016-02-21 23:24:39,"0,1"
2016-02-21 23:25:02,"0,1"
2016-02-21 23:25:24,"0,1"
2016-02-21 23:25:46,0
2016-02-21 23:26:08,0
2016-02-21 23:26:31,0
2016-02-21 23:26:53,0
2016-02-21 23:27:16,0
2016-02-21 23:27:38,0
2016-02-21 23:28:00,0
2016-02-21 23:28:22,0
2016-02-21 23:28:45,0
2016-02-21 23:29:07,0
2016-02-21 23:29:29,0
2016-02-21 23:29:51,0
2016-02-21 23:30:14,0
2016-02-21 23:30:36,0
2016-02-21 23:30:58,0
2016-02-21 23:31:20,0
2016-02-21 23:31:43,0
2016-02-21 23:32:05,0
2016-02-21 23:32:27,0
2016-02-21 23:32:49,0
2016-02-21 23:33:11,0
2016-02-21 23:33:34,0
2016-02-21 23:33:56,0
2016-02-21 23:34:18,0
2016-02-21 23:34:41,"0,1"
2016-02-21 23:35:04,0
2016-02-21 23:35:26,0
2016-02-21 23:35:48,0
2016-02-21 23:36:10,0
2016-02-21 23:36:33,0
2016-02-21 23:36:55,0
2016-02-21 23:37:17,0
2016-02-21 23:37:39,0
2016-02-21 23:38:02,0
2016-02-21 23:38:24,0
2016-02-21 23:38:46,0
2016-02-21 23:39:08,0
2016-02-21 23:39:31,0
2016-02-21 23:39:53,0
2016-02-21 23:40:15,0
2016-02-21 23:40:38,0
2016-02-21 23:41:00,0
2016-02-21 23:41:22,0
2016-02-21 23:41:45,0
2016-02-21 23:42:08,0
2016-02-21 23:42:30,0
2016-02-21 23:42:52,0
2016-02-21 23:43:14,0
2016-02-21 23:43:37,0
2016-02-21 23:43:59,0
2016-02-21 23:44:21,0
2016-02-21 23:44:43,0
2016-02-21 23:45:06,0
2016-02-21 23:45:28,0
2016-02-21 23:45:50,0
2016-02-21 23:46:13,0
2016-02-21 23:46:35,0
2016-02-21 23:46:58,0
2016-02-21 23:47:20,0
2016-02-21 23:47:42,0
2016-02-21 23:48:04,0
2016-02-21 23:48:27,0
2016-02-21 23:48:49,0
2016-02-21 23:49:12,0
2016-02-21 23:49:35,0
2016-02-21 23:49:57,0
2016-02-21 23:50:19,0
2016-02-21 23:50:41,0
2016-02-21 23:51:04,0
2016-02-21 23:51:26,0
2016-02-21 23:51:48,0
2016-02-21 23:52:10,0
2016-02-21 23:52:33,0
2016-02-21 23:52:55,0
2016-02-21 23:53:17,0
2016-02-21 23:53:39,0
2016-02-21 23:54:02,0
2016-02-21 23:54:24,"0,1"
2016-02-21 23:54:46,0
2016-02-21 23:55:08,0
2016-02-21 23:55:31,0
2016-02-21 23:55:53,"0,1"
2016-02-21 23:56:15,0
2016-02-21 23:56:37,0
2016-02-21 23:57:00,0
2016-02-21 23:57:23,0
2016-02-21 23:57:45,0
2016-02-21 23:58:07,0
2016-02-21 23:58:29,0
2016-02-21 23:58:52,0
2016-02-21 23:59:14,0
2016-02-21 23:59:36,0
2016-02-21 23:59:58,0
