Fit Coefficient (NO2),Fit Coefficient Error (NO2),Shift (NO2),Shift Error (NO2),Squeeze (NO2),Squeeze Error (NO2),Quadratic Squeeze (NO2),Quadratic Squeeze Error (NO2),Cubic Squeeze (NO2),Cubic Squeeze Error (NO2),Fit Coefficient (H2O),Fit Coefficient Error (H2O),Shift (H2O),Shift Error (H2O),Squeeze (H2O),Squeeze Error (H2O),Quadratic Squeeze (H2O),Quadratic Squeeze Error (H2O),Cubic Squeeze (H2O),Cubic Squeeze Error (H2O),Fit Coefficient (CHOCHO),Fit Coefficient Error (CHOCHO),Shift (CHOCHO),Shift Error (CHOCHO),Squeeze (CHOCHO),Squeeze Error (CHOCHO),Quadratic Squeeze (CHOCHO),Quadratic Squeeze Error (CHOCHO),Cubic Squeeze (CHOCHO),Cubic Squeeze Error (CHOCHO),Fit Coefficient (O3),Fit Coefficient Error (O3),Shift (O3),Shift Error (O3),Squeeze (O3),Squeeze Error (O3),Quadratic Squeeze (O3),Quadratic Squeeze Error (O3),Cubic Squeeze (O3),Cubic Squeeze Error (O3),Chi Square,Delta,RMS,FitSteps,Poly. Coeff. 0,Poly. Coeff. Error 0,Poly. Coeff. 1,Poly. Coeff. Error 1,Poly. Coeff. 2,Poly. Coeff. Error 2,Poly. Coeff. 3,Poly. Coeff. Error 3,Author,Average,AzimuthAngle,Delta,DeltaRel,Deviation,Device,ElevationAngle,ExposureTime,FitHigh,FitLow,IntensityScale,LightPath,LightSource,Marker,MathHigh,MathLow,Max,MaxChannel,Min,MinChannel,MultiChannelCounter,Name,NumScans,ObjectKey,OpticalDensity,OpticalDensityCenter,OpticalDensityLeft,OpticalDensityRight,Pressure,Remark,ScanMax,Site,StartDate,StartDateAndTime,StartTime,StopDate,StopDateAndTime,StopTime,TemperatureAmbient,TimeZoneOffset,File Number,UserParam4,Center Time,NAddupSpectra,Avg. Intensity,HR Latitude,HR Longitude,I0 Center Time,I0 File Number,#ICEDOAS iter.,CellPressure
0.0366769815199312,0.112346891858742,0.181562738156072,0.0367913460886813,1,0,0,0,0,0,5588541.18173387,1599114.60210886,0.181562738156072,0.0367913460886813,1,0,0,0,0,0,-0.0622549240468895,0.155161189333757,0.181562738156072,0.0367913460886813,1,0,0,0,0,0,-2421.82408021931,2036.29779092988,0.181562738156072,0.0367913460886813,1,0,0,0,0,0,1.27437845719036E-05,0.000973501022459728,0.000176517413343579,4,-3.36465649141101,6.10785892876034,0.0226213510961523,0.0411429202309719,-5.06929487294021E-05,9.23733593376613E-05,3.78641108749673E-08,6.91263920168975E-08,,-1.67951223764513E-17,0,0.00112858932615156,-67197445833081.7,0.000191233424099546,1308002U1,0,10,1161,753,OpticalDensity,0,2464.05536642677,1024,1211,703,0.000583277614546351,2047,-0.000545311711605212,0,0,I0_00000,5000,m_oMeasOptDensity,0,1024,102,1945,972575,,0,,02/22/2016,2016-02-22 15:44:28,15:44:28,02/22/2016,2016-02-22 15:45:18,15:45:18,25.05,01:00:00,0,,02/22/2016 15:44:53,1,2458.93824594208,0.0000000,0.0000000,02/22/2016 16:09:03,20,3,922575
-0.0118019277097536,0.100866117417572,0.16781113835439,0.0299959869773947,1,0,0,0,0,0,6187961.73675919,1435775.52981849,0.16781113835439,0.0299959869773947,1,0,0,0,0,0,0.00597886551634527,0.140528650112549,0.16781113835439,0.0299959869773947,1,0,0,0,0,0,-2516.5079970904,1827.69693628221,0.16781113835439,0.0299959869773947,1,0,0,0,0,0,1.02635024539115E-05,0.000955782908868905,0.000158411293877508,3,-1.86611371623806,5.4537617950136,0.0126185670743373,0.0367360647603974,-2.8441270679122E-05,8.24773214157504E-05,2.13675209292725E-08,6.17194337531541E-08,,-4.68954715706107E-17,0,0.00131177528066639,-27972323056635.6,0.000185163856190982,1308002U1,0,10,1161,753,OpticalDensity,0,2464.05536642677,1024,1211,703,0.000661143512808104,2047,-0.00065063176785829,0,0,I0_00001,5000,m_oMeasOptDensity,0,1024,102,1945,972505,,0,,02/22/2016,2016-02-22 15:45:19,15:45:19,02/22/2016,2016-02-22 15:46:09,15:46:09,25.16,01:00:00,1,,02/22/2016 15:45:44,1,2461.49646246437,0.0000000,0.0000000,02/22/2016 16:09:03,20,3,922505
-0.0148612077407589,0.106150535789631,0.222658898315018,0.0338523485109506,1,0,0,0,0,0,5739334.4276,1511121.85125861,0.222658898315018,0.0338523485109506,1,0,0,0,0,0,-0.0799405813472949,0.145283666225614,0.222658898315018,0.0338523485109506,1,0,0,0,0,0,-2611.59004825531,1924.6891650741,0.222658898315018,0.0338523485109506,1,0,0,0,0,0,1.13659707178124E-05,0.000902552217004734,0.000166702307325474,3,-0.937476014740662,5.80234328058187,0.00628791379838094,0.0390860638464847,-1.40607495893006E-05,8.77578651746645E-05,1.04825343309726E-08,6.56743491451038E-08,,-1.00334497313865E-17,0,0.00136147367035189,-135693476002869,0.000190857204051285,1308002U1,0,10,1161,753,OpticalDensity,0,2464.05536642677,1024,1211,703,0.000786623374818274,2047,-0.000574850295533613,0,0,I0_00002,5000,m_oMeasOptDensity,881378485701341,1024,102,1945,972.51,,0,,02/22/2016,2016-02-22 15:46:10,15:46:10,02/22/2016,2016-02-22 15:47:00,15:47:00,25.17,01:00:00,2,,02/22/2016 15:46:35,1,2461.37211200176,0.0000000,0.0000000,02/22/2016 16:09:03,20,3,922.51
0.0347651194578654,0.106790560030209,0.200404620275318,0.0354636821859119,1,0,0,0,0,0,5510120.23368928,1520086.06358226,0.200404620275318,0.0354636821859119,1,0,0,0,0,0,-0.0692670713936174,0.14697016448451,0.200404620275318,0.0354636821859119,1,0,0,0,0,0,-2095.29393081632,1935.81752404934,0.200404620275318,0.0354636821859119,1,0,0,0,0,0,1.15051603988531E-05,0.000884860906594652,0.000167719934449166,3,-2.82120148899334,5.81223372519092,0.0189403568174971,0.0391519600783877,-4.23860419556694E-05,8.79041732724578E-05,3.16182997411214E-08,6.57826013753902E-08,,2.13756102973016E-17,0,0.00120197345299677,56231070658530.2,0.000188605645406566,1308002U1,0,10,1161,753,OpticalDensity,0,2464.05536642677,1024,1211,703,0.000666686666269456,2047,-0.000535286786727318,0,0,I0_00003,5000,m_oMeasOptDensity,0,1024,102,1945,972.5067,,0,,02/22/2016,2016-02-22 15:47:00,15:47:00,02/22/2016,2016-02-22 15:47:50,15:47:50,25.15,01:00:00,3,,02/22/2016 15:47:25,1,2460.48322637973,0.0000000,0.0000000,02/22/2016 16:09:03,20,3,922.5067
0.0100452525230439,0.105273661303281,0.201970505700646,0.034957060426675,1,0,0,0,0,0,5543748.68561909,1498461.92945184,0.201970505700646,0.034957060426675,1,0,0,0,0,0,-0.012672907437838,0.145099317502898,0.201970505700646,0.034957060426675,1,0,0,0,0,0,-2250.77002101848,1908.18519893037,0.201970505700646,0.034957060426675,1,0,0,0,0,0,1.11847582390234E-05,0.000990570514409225,0.000165368065724303,3,-1.12202707683334,5.72017145687414,0.0076126730177257,0.0385316334918562,-1.72181630190874E-05,8.65110011959743E-05,1.29822388952355E-08,6.47397202847755E-08,,4.75498269878751E-17,0,0.00103665819188659,21801513434547.9,0.000186823151365057,1308002U1,0,10,1161,753,OpticalDensity,0,2464.05536642677,1024,1211,703,0.000513837775506176,2047,-0.00052282041638041,0,0,I0_00004,5000,m_oMeasOptDensity,0,1024,102,1945,972525,,0,,02/22/2016,2016-02-22 15:47:51,15:47:51,02/22/2016,2016-02-22 15:48:41,15:48:41,25.1,01:00:00,4,,02/22/2016 15:48:16,1,2460.43487215367,0.0000000,0.0000000,02/22/2016 16:09:03,20,3,922525
-0.00266675101325958,0.106190482834474,0.209164538150417,0.0337003779254623,1,0,0,0,0,0,5772151.58432213,1511590.83192,0.209164538150417,0.0337003779254623,1,0,0,0,0,0,-0.0685157011734516,0.146297581381067,0.209164538150417,0.0337003779254623,1,0,0,0,0,0,-2667.09333677108,1924.8602980207,0.209164538150417,0.0337003779254623,1,0,0,0,0,0,1.1383714657264E-05,0.000987489087953846,0.000166832380293618,3,-1.7971151011811,5.77726625947838,0.0120602722854746,0.0389162916884304,-2.69799868365889E-05,8.73747715785103E-05,2.01200803798302E-08,6.53862173385315E-08,,2.15937287697231E-17,0,0.00135344965430595,62677903790458,0.000190728485579753,1308002U1,0,10,1161,753,OpticalDensity,0,2464.05536642677,1024,1211,703,0.000790019606304981,2047,-0.000563430048000968,0,0,I0_00005,5000,m_oMeasOptDensity,0,1024,102,1945,972.51,,0,,02/22/2016,2016-02-22 15:48:42,15:48:42,02/22/2016,2016-02-22 15:49:32,15:49:32,25.05,01:00:00,5,,02/22/2016 15:49:07,1,2460.89819097697,0.0000000,0.0000000,02/22/2016 16:09:03,20,3,922.51
-0.0252622546069008,0.104780616216147,0.152902307459424,0.0319663469152449,1,0,0,0,0,0,6039097.42284008,1491382.05296422,0.152902307459424,0.0319663469152449,1,0,0,0,0,0,-0.0160820143324512,0.146728561631694,0.152902307459424,0.0319663469152449,1,0,0,0,0,0,-2616.05646753989,1898.40129039368,0.152902307459424,0.0319663469152449,1,0,0,0,0,0,1.1086737309419E-05,0.00104614727687511,0.000164641845187789,3,1.20247408054978,5.66102324626948,-0.00809288148228623,0.0381317320168313,1.81518078735421E-05,8.56098091204992E-05,-1.35683319458215E-08,6.40628045119406E-08,,3.03184676665809E-17,0,0.00120486842289347,39740412877843.3,0.000179079450498568,1308002U1,0,10,1161,753,OpticalDensity,0,2464.05536642677,1024,1211,703,0.000566661894991327,2047,-0.000638206527902141,0,0,I0_00006,5000,m_oMeasOptDensity,1733735870639.71,1024,102,1945,972545,,0,,02/22/2016,2016-02-22 15:49:32,15:49:32,02/22/2016,2016-02-22 15:50:22,15:50:22,25.02,01:00:00,6,,02/22/2016 15:49:57,1,2460.45920167741,0.0000000,0.0000000,02/22/2016 16:09:03,20,3,922545
-0.0387645527669975,0.107129539448417,0.187381374261138,0.0350725246469956,1,0,0,0,0,0,5628989.07673637,1524839.25094307,0.187381374261138,0.0350725246469956,1,0,0,0,0,0,0.0185879196403918,0.14819267515239,0.187381374261138,0.0350725246469956,1,0,0,0,0,0,-2531.33313296727,1941.63156030733,0.187381374261138,0.0350725246469956,1,0,0,0,0,0,1.15888618441296E-05,0.000933483964021331,0.000168328920657631,3,-3.37914580705107,5.81998939424849,0.0228020700957179,0.0392036437658604,-5.12875442292123E-05,8.80189470934078E-05,3.8452027331966E-08,6.58675360013929E-08,,-1.00334497313865E-17,0,0.0012278363282946,-122374294102825,0.000190197958121553,1308002U1,0,10,1161,753,OpticalDensity,0,2464.05536642677,1024,1211,703,0.000696112626990764,2047,-0.000531723701303832,0,0,I0_00007,5000,m_oMeasOptDensity,0,1024,102,1945,972.5,,0,,02/22/2016,2016-02-22 15:50:23,15:50:23,02/22/2016,2016-02-22 15:51:13,15:51:13,25.01,01:00:00,7,,02/22/2016 15:50:48,1,2460.24951732583,0.0000000,0.0000000,02/22/2016 16:09:03,20,3,922.5
-0.0297846394721507,0.103730878851803,0.161081710034608,0.0328048051536028,1,0,0,0,0,0,5803161.71635948,1476407.85027872,0.161081710034608,0.0328048051536028,1,0,0,0,0,0,-0.0474316848313975,0.144935002170327,0.161081710034608,0.0328048051536028,1,0,0,0,0,0,-2834.23502381303,1879.44371020437,0.161081710034608,0.0328048051536028,1,0,0,0,0,0,1.08664592788684E-05,0.00105817573524239,0.000162998037080483,3,0.21021439813148,5.60066159204572,-0.00140291897251568,0.0377253160842567,3.11733247955496E-06,8.46977513621312E-05,-2.30625083874394E-09,6.33805977877306E-08,,5.14759594914611E-17,0,0.00118424520348004,23005791736169.3,0.000184298404977814,1308002U1,0,10,1161,753,OpticalDensity,0,2464.05536642677,1024,1211,703,0.00059661026981439,2047,-0.000587634933665648,0,0,I0_00008,5000,m_oMeasOptDensity,0,1024,102,1945,972.5167,,0,,02/22/2016,2016-02-22 15:51:14,15:51:14,02/22/2016,2016-02-22 15:52:04,15:52:04,25,01:00:00,8,,02/22/2016 15:51:39,1,2461.04065865229,0.0000000,0.0000000,02/22/2016 16:09:03,20,3,922.5167
-0.000358956875185714,0.106564534984032,0.177802950947747,0.0366761817473035,1,0,0,0,0,0,5343073.4706964,1516689.57499239,0.177802950947747,0.0366761817473035,1,0,0,0,0,0,-0.0267023813801262,0.147977711834184,0.177802950947747,0.0366761817473035,1,0,0,0,0,0,-2505.26189719907,1931.14501788776,0.177802950947747,0.0366761817473035,1,0,0,0,0,0,1.14704755858765E-05,0.00100773964317001,0.0001674669298148,3,0.169581813795245,5.77616177176524,-0.00113071980050695,0.0389080335420238,2.50995046398466E-06,8.73543799080283E-05,-1.85482440755405E-09,6.53695624661273E-08,,-1.50501745970797E-17,0,0.00119655293433318,-79504256021412.4,0.000190088404760136,1308002U1,0,10,1161,753,OpticalDensity,0,2464.05536642677,1024,1211,703,0.000631586978459553,2047,-0.000564965955873631,0,0,I0_00009,5000,m_oMeasOptDensity,787829146559997,1024,102,1945,972.58,,0,,02/22/2016,2016-02-22 15:52:04,15:52:04,02/22/2016,2016-02-22 15:52:54,15:52:54,24.99,01:00:00,9,,02/22/2016 15:52:29,1,2460.70891421369,0.0000000,0.0000000,02/22/2016 16:09:03,20,3,922.58
0.0718711918204952,0.110055009347879,0.193885658111831,0.0360209032716366,1,0,0,0,0,0,5550808.17031168,1566481.61487182,0.193885658111831,0.0360209032716366,1,0,0,0,0,0,-0.0818147694718336,0.151953465054066,0.193885658111831,0.0360209032716366,1,0,0,0,0,0,-2239.800203855,1994.73270309374,0.193885658111831,0.0360209032716366,1,0,0,0,0,0,1.22325901751311E-05,0.00101495081290724,0.000172940837947367,3,-0.887953486667507,5.97687000925493,0.00590308866521342,0.0402605843324129,-1.30803799859546E-05,9.03923889250685E-05,9.66080907916507E-09,6.76439876050413E-08,,-8.94285736927926E-18,0,0.0011438006183665,-127901024374571,0.000186895874215104,1308002U1,0,10,1161,753,OpticalDensity,0,2464.05536642677,1024,1211,703,0.000525956210280509,2047,-0.000617844408085988,0,0,I0_00010,5000,m_oMeasOptDensity,0,1024,102,1945,972.5234,,0,,02/22/2016,2016-02-22 15:52:55,15:52:55,02/22/2016,2016-02-22 15:53:45,15:53:45,24.99,01:00:00,10,,02/22/2016 15:53:20,1,2460.69143227032,0.0000000,0.0000000,02/22/2016 16:09:03,20,3,922.5234
0.0563522707799442,0.103918117259246,0.182247879570628,0.0309072447037182,1,0,0,0,0,0,6153431.90667358,1479247.80543014,0.182247879570628,0.0309072447037182,1,0,0,0,0,0,0.0438596667887383,0.144110530554555,0.182247879570628,0.0309072447037182,1,0,0,0,0,0,-2252.82570677784,1883.24831180236,0.182247879570628,0.0309072447037182,1,0,0,0,0,0,1.09090006964596E-05,0.000885615502697764,0.000163316788270932,3,-1.16801225736969,5.63417850214682,0.00785514325405965,0.0379517597535815,-1.76098878392964E-05,8.5207675868108E-05,1.3159940560408E-08,6.37633353395703E-08,,-6.54355417264336E-19,0,0.00126303256481675,-1.93019348735143E+15,0.000184630023616648,1308002U1,0,10,1161,753,OpticalDensity,0,2464.05536642677,1024,1211,703,0.000586716298210388,2047,-0.000676316266606358,0,0,I0_00011,5000,m_oMeasOptDensity,0,1024,102,1945,972605,,0,,02/22/2016,2016-02-22 15:53:46,15:53:46,02/22/2016,2016-02-22 15:54:36,15:54:36,24.98,01:00:00,11,,02/22/2016 15:54:11,1,2460.57388345074,0.0000000,0.0000000,02/22/2016 16:09:03,20,3,922605
0.0201741556717143,0.10183830350935,0.172922081847117,0.0296511225637064,1,0,0,0,0,0,6313427.08649942,1449667.6670875,0.172922081847117,0.0296511225637064,1,0,0,0,0,0,0.0236571523877657,0.141601933235184,0.172922081847117,0.0296511225637064,1,0,0,0,0,0,-2104.39557651546,1845.41312450277,0.172922081847117,0.0296511225637064,1,0,0,0,0,0,1.047350745107E-05,0.000896191008248551,0.000160023740987342,3,-5.70016544519792,5.51391822385932,0.0383810259815988,0.0371414461531815,-8.61393796474518E-05,8.33878473919285E-05,6.44381061152023E-08,6.24010935134759E-08,,-8.1794427158042E-17,0,0.00126676234793133,-15487147375990.6,0.000182408413129949,1308002U1,0,10,1161,753,OpticalDensity,0,2464.05536642677,1024,1211,703,0.000715808195983492,2047,-0.000550954151947836,0,0,I0_00012,5000,m_oMeasOptDensity,0,1024,102,1945,972.49,,0,,02/22/2016,2016-02-22 15:54:37,15:54:37,02/22/2016,2016-02-22 15:55:27,15:55:27,24.99,01:00:00,12,,02/22/2016 15:55:02,1,2461.08447275761,0.0000000,0.0000000,02/22/2016 16:09:03,20,3,922.49
0.0127270314929599,0.102133983917971,0.186426712037275,0.0360513388861741,1,0,0,0,0,0,5215527.90428675,1453610.3306344,0.186426712037275,0.0360513388861741,1,0,0,0,0,0,0.00915585471304955,0.141567771298006,0.186426712037275,0.0360513388861741,1,0,0,0,0,0,-2430.19959354237,1850.98019653959,0.186426712037275,0.0360513388861741,1,0,0,0,0,0,1.05338121198113E-05,0.0010063866321202,0.000160483774391944,3,-2.53435580297269,5.54446843995995,0.0170691056549645,0.0373475329791892,-3.8319379875653E-05,8.38512222968547E-05,2.86741273481694E-08,6.27483586248863E-08,,2.29024396042518E-17,0,0.00108712395526223,47467604938489,0.000181387021801823,1308002U1,0,10,1161,753,OpticalDensity,0,2464.05536642677,1024,1211,703,0.000591063765465472,2047,-0.000496060189796754,0,0,I0_00013,5000,m_oMeasOptDensity,0,1024,102,1945,972.49,,0,,02/22/2016,2016-02-22 15:55:27,15:55:27,02/22/2016,2016-02-22 15:56:17,15:56:17,25,01:00:00,13,,02/22/2016 15:55:52,1,2460.68251521435,0.0000000,0.0000000,02/22/2016 16:09:03,20,3,922.49
0.00216743880700367,0.104722515116184,0.224119437759698,0.0333233337472954,1,0,0,0,0,0,5782193.27806785,1490799.11485497,0.224119437759698,0.0333233337472954,1,0,0,0,0,0,0.0134654471716899,0.143507902742632,0.224119437759698,0.0333233337472954,1,0,0,0,0,0,-2555.81337907786,1898.71890666154,0.224119437759698,0.0333233337472954,1,0,0,0,0,0,1.10730094404446E-05,0.00106048911515374,0.000164539881822208,3,-1.5346853504391,5.72749990461902,0.0103886769311486,0.0385817418517107,-2.34400932235807E-05,8.66251781318764E-05,1.76285136654723E-08,6.48264202009162E-08,,-3.66439033668028E-17,0,0.00112156168512867,-30607047341597.8,0.00018060320710485,1308002U1,0,10,1161,753,OpticalDensity,0,2464.05536642677,1024,1211,703,0.000583695857544475,2047,-0.000537865827584194,0,0,I0_00014,5000,m_oMeasOptDensity,3577231988314.2,1024,102,1945,972445,,0,,02/22/2016,2016-02-22 15:56:18,15:56:18,02/22/2016,2016-02-22 15:57:08,15:57:08,25,01:00:00,14,,02/22/2016 15:56:43,1,2460.69088432828,0.0000000,0.0000000,02/22/2016 16:09:03,20,3,922445
0.0383317870416795,0.106316823516844,0.217730261219125,0.0385057587866976,1,0,0,0,0,0,5056353.07424159,1513281.13312355,0.217730261219125,0.0385057587866976,1,0,0,0,0,0,-0.0206744527226938,0.145869985161179,0.217730261219125,0.0385057587866976,1,0,0,0,0,0,-2153.70399566236,1927.51627387877,0.217730261219125,0.0385057587866976,1,0,0,0,0,0,1.1397153346607E-05,0.000993613368557346,0.000166930825801992,3,-2.37572077021989,5.80444966424908,0.0159905818498838,0.0390999270921086,-3.58716233230704E-05,8.77882527009933E-05,2.68198129735712E-08,6.56965315759606E-08,,2.50836243284662E-17,0,0.00112438901617351,44825620151610,0.000183741168871948,1308002U1,0,10,1161,753,OpticalDensity,0,2464.05536642677,1024,1211,703,0.000607886313984563,2047,-0.000516502702188948,0,0,I0_00015,5000,m_oMeasOptDensity,0,1024,102,1945,971975,,0,,02/22/2016,2016-02-22 18:00:05,18:00:05,02/22/2016,2016-02-22 18:00:55,18:00:55,25.06,01:00:00,15,,02/22/2016 18:00:30,1,2463.27121336386,0.0000000,0.0000000,02/22/2016 16:09:03,20,3,921975
0.0197411249060997,0.111192366681489,0.166786670999363,0.042173645981482,1,0,0,0,0,0,4814917.68108161,1582343.65436104,0.166786670999363,0.042173645981482,1,0,0,0,0,0,-0.0658785938267512,0.15513842711165,0.166786670999363,0.042173645981482,1,0,0,0,0,0,-2108.57688281776,2014.7058736141,0.166786670999363,0.042173645981482,1,0,0,0,0,0,1.24542061268197E-05,0.00114029717725855,0.000174500377315583,3,-2.29094897132042,5.99797299878442,0.0154551133418109,0.0404016814646394,-3.47515858528201E-05,9.07067957515413E-05,2.60448795592191E-08,6.78774755201823E-08,,-6.5653660198855E-17,0,0.00136331639830045,-20765276363437.6,0.000193177966408968,1308002U1,0,10,1161,753,OpticalDensity,0,2464.05536642677,1024,1211,703,0.000671365394656398,2047,-0.000691951003644053,0,0,I0_00016,5000,m_oMeasOptDensity,0,1024,102,1945,971.89,,0,,02/22/2016,2016-02-22 18:00:55,18:00:55,02/22/2016,2016-02-22 18:01:45,18:01:45,25.19,01:00:00,16,,02/22/2016 18:01:20,1,2463.52962895327,0.0000000,0.0000000,02/22/2016 16:09:03,20,3,921.89
-0.00202887034314996,0.106833361697364,0.139064631098624,0.0294423182361172,1,0,0,0,0,0,6684014.53495975,1520699.13270829,0.139064631098624,0.0294423182361172,1,0,0,0,0,0,-0.0428354406841818,0.150573438253891,0.139064631098624,0.0294423182361172,1,0,0,0,0,0,-2864.63876065048,1935.25524666409,0.139064631098624,0.0294423182361172,1,0,0,0,0,0,1.14956125711405E-05,0.00115537124913717,0.000167650327169774,3,-1.16123082291522,5.73982941239707,0.00781712674692878,0.0386620203191452,-1.75415475312384E-05,8.67991528992902E-05,1.31213887998169E-08,6.49518956453616E-08,,1.64025091260927E-16,0,0.00126858879870306,7734114268438.51,0.00019099804202739,1308002U1,0,10,1161,753,OpticalDensity,0,2464.05536642677,1024,1211,703,0.000559112848611654,2047,-0.000709475950091409,0,0,I0_00017,5000,m_oMeasOptDensity,0,1024,102,1945,971.9617,,0,,02/22/2016,2016-02-22 18:01:45,18:01:45,02/22/2016,2016-02-22 18:02:35,18:02:35,25.23,01:00:00,17,,02/22/2016 18:02:10,1,2462.81168375218,0.0000000,0.0000000,02/22/2016 16:09:03,20,3,921.9617
-0.00830026568785563,0.106349699956912,0.186315189369083,0.0339151965434535,1,0,0,0,0,0,5782787.60539734,1513768.53945298,0.186315189369083,0.0339151965434535,1,0,0,0,0,0,-0.00450583261088686,0.147284680192899,0.186315189369083,0.0339151965434535,1,0,0,0,0,0,-2520.17583161026,1927.43459939497,0.186315189369083,0.0339151965434535,1,0,0,0,0,0,1.13930607205329E-05,0.00111997637204003,0.000166900851351674,3,-3.67545869390216,5.76861097028685,0.0247696392529085,0.0388574424579195,-5.56415664631497E-05,8.72414057863109E-05,4.16629619298269E-08,6.52854795626348E-08,,9.18278768894285E-17,0,0.00116837287259208,12723509593921.5,0.000189107852077687,1308002U1,0,10,1161,753,OpticalDensity,0,2464.05536642677,1024,1211,703,0.000565873847211296,2047,-0.000602499025380787,0,0,I0_00018,5000,m_oMeasOptDensity,1387934854080.56,1024,102,1945,971.9334,,0,,02/22/2016,2016-02-22 18:02:36,18:02:36,02/22/2016,2016-02-22 18:03:26,18:03:26,25.2,01:00:00,18,,02/22/2016 18:03:01,1,2461.1620632506,0.0000000,0.0000000,02/22/2016 16:09:03,20,3,921.9334
0.0574170732521123,0.103106462344488,0.173086494515139,0.0329880210271015,1,0,0,0,0,0,5667665.8083146,1467543.06631286,0.173086494515139,0.0329880210271015,1,0,0,0,0,0,-0.0917948483302392,0.143379559974545,0.173086494515139,0.0329880210271015,1,0,0,0,0,0,-2810.10763554535,1868.37882792755,0.173086494515139,0.0329880210271015,1,0,0,0,0,0,1.07145944059225E-05,0.000920848217539913,0.000161855034932177,3,0.374392162650239,5.57433762779415,-0.00255130649965027,0.0375484152099518,5.79048901813097E-06,8.43015234402796E-05,-4.37721154282944E-09,6.30847989090137E-08,,-3.40264816977455E-17,0,0.00120678184937451,-35465960309803.8,0.000182942298339073,1308002U1,0,10,1161,753,OpticalDensity,0,2464.05536642677,1024,1211,703,0.000670023937229258,2047,-0.000536757912145247,0,0,I0_00019,5000,m_oMeasOptDensity,0,1024,102,1945,971.91,,0,,02/22/2016,2016-02-22 18:03:26,18:03:26,02/22/2016,2016-02-22 18:04:16,18:04:16,25.11,01:00:00,19,,02/22/2016 18:03:51,1,2460.73745270465,0.0000000,0.0000000,02/22/2016 16:09:03,20,3,921.91
0.0426720139409629,0.102567131594536,0.188475723551782,0.0335367529289291,1,0,0,0,0,0,5568475.30060594,1459876.19767956,0.188475723551782,0.0335367529289291,1,0,0,0,0,0,-0.0992350461193856,0.141935801324518,0.188475723551782,0.0335367529289291,1,0,0,0,0,0,-2342.10520158701,1858.90657540555,0.188475723551782,0.0335367529289291,1,0,0,0,0,0,1.06076508647748E-05,0.000939525171803866,0.000161045262839845,3,-0.14872240178416,5.56454516985613,0.000953310604357227,0.0374829207166367,-2.03445052928498E-06,8.41555325818756E-05,1.44539261072161E-09,6.29763428972208E-08,,-2.87916383596308E-17,0,0.00107735281354682,-37418947824011,0.000180818516189308,1308002U1,0,10,1161,753,OpticalDensity,0,2464.05536642677,1024,1211,703,0.000607540382243754,2047,-0.000469812431303063,0,0,I0_00020,5000,m_oMeasOptDensity,0,1024,102,1945,971945,,0,,02/22/2016,2016-02-22 18:04:16,18:04:16,02/22/2016,2016-02-22 18:05:06,18:05:06,25.05,01:00:00,20,,02/22/2016 18:04:41,1,2460.15324319642,0.0000000,0.0000000,02/22/2016 16:09:03,20,3,921945
0.0387577653996187,0.107361254220699,0.163092104124081,0.0341885064613383,1,0,0,0,0,0,5656271.74435269,1528031.85313348,0.163092104124081,0.0341885064613383,1,0,0,0,0,0,-0.137642551294022,0.15006706604369,0.163092104124081,0.0341885064613383,1,0,0,0,0,0,-2726.8304227694,1945.21455129326,0.163092104124081,0.0341885064613383,1,0,0,0,0,0,1.16237355068613E-05,0.00113740153085615,0.000168582000159547,3,1.31493841761247,5.79400112405105,-0.00888974149207171,0.0390275950423727,2.00286663477326E-05,8.76214498369777E-05,-1.50381965129372E-08,6.55683914280871E-08,,4.36236944842891E-19,0,0.00131674726588604,3.01842217045662E+15,0.000188952550815978,1308002U1,0,10,1161,753,OpticalDensity,0,2464.05536642677,1024,1211,703,0.000711550212766254,2047,-0.000605197053119788,0,0,I0_00021,5000,m_oMeasOptDensity,0,1024,102,1945,971.9284,,0,,02/22/2016,2016-02-22 18:05:06,18:05:06,02/22/2016,2016-02-22 18:05:56,18:05:56,25.03,01:00:00,21,,02/22/2016 18:05:31,1,2460.16152996993,0.0000000,0.0000000,02/22/2016 16:09:03,20,3,921.9284
0.0234190609879017,0.105466281280072,0.154386864350533,0.0295827945932819,1,0,0,0,0,0,6500457.73416406,1501236.55682675,0.154386864350533,0.0295827945932819,1,0,0,0,0,0,-0.109776326623527,0.147930850366106,0.154386864350533,0.0295827945932819,1,0,0,0,0,0,-3023.79338626591,1910.73240744971,0.154386864350533,0.0295827945932819,1,0,0,0,0,0,1.1219067949246E-05,0.00109098716750371,0.000165621507383961,3,0.0140300809686744,5.68761615976117,-8.14428551667102E-05,0.0383107173494496,1.5136500944163E-07,8.60113348004254E-05,-8.81309618894116E-11,6.43630341618509E-08,,-6.10731722780047E-18,0,0.00125635424866799,-205712950843469,0.000187721402043953,1308002U1,0,10,1161,753,OpticalDensity,0,2464.05536642677,1024,1211,703,0.000638013553865502,2047,-0.000618340694802488,0,0,I0_00022,5000,m_oMeasOptDensity,0,1024,102,1945,971985,,0,,02/22/2016,2016-02-22 18:05:57,18:05:57,02/22/2016,2016-02-22 18:06:47,18:06:47,25.02,01:00:00,22,,02/22/2016 18:06:22,1,2460.3491260182,0.0000000,0.0000000,02/22/2016 16:09:03,20,3,921985
0.0775409566558,0.108915600474621,0.1862682933431,0.0333300209636253,1,0,0,0,0,0,5974552.93662746,1550343.99497632,0.1862682933431,0.0333300209636253,1,0,0,0,0,0,-0.00953204716321789,0.150864432952473,0.1862682933431,0.0333300209636253,1,0,0,0,0,0,-1816.89274780602,1973.91485312736,0.1862682933431,0.0333300209636253,1,0,0,0,0,0,1.19631168514765E-05,0.00107712330558364,0.000171025362018128,3,-4.73821010603865,5.90856726941017,0.0319161055124306,0.0398001673859654,-7.16579048460912E-05,8.93579294804392E-05,5.36261554618567E-08,6.68693034910411E-08,,8.74655074409996E-17,0,0.00120560351140919,13783759411930.9,0.000188960164589803,1308002U1,0,10,1161,753,OpticalDensity,0,2464.05536642677,1024,1211,703,0.000674028978034924,2047,-0.000531574533374268,0,0,I0_00023,5000,m_oMeasOptDensity,0,1024,102,1945,971.9517,,0,,02/22/2016,2016-02-22 18:06:47,18:06:47,02/22/2016,2016-02-22 18:07:37,18:07:37,25.03,01:00:00,23,,02/22/2016 18:07:12,1,2460.58595171011,0.0000000,0.0000000,02/22/2016 16:09:03,20,3,921.9517
0.0469438868964496,0.106044416423258,0.204311390148425,0.0368447042191557,1,0,0,0,0,0,5220384.11850327,1509334.37024043,0.204311390148425,0.0368447042191557,1,0,0,0,0,0,-0.0897986887490432,0.146238506724888,0.204311390148425,0.0368447042191557,1,0,0,0,0,0,-2689.75696366359,1922.14004491781,0.204311390148425,0.0368447042191557,1,0,0,0,0,0,1.13429461932435E-05,0.00104607706899335,0.000166533374096769,3,1.24192303937617,5.76229678842248,-0.00832309213700259,0.0388153438011184,1.85892392616561E-05,8.71478711931777E-05,-1.38364845422771E-08,6.52162284721091E-08,,-1.70132408488727E-17,0,0.00136240686665334,-80079208820676.5,0.00018736543989583,1308002U1,0,10,1161,753,OpticalDensity,0,2464.05536642677,1024,1211,703,0.000640190968780652,2047,-0.000722215897872691,0,0,I0_00024,5000,m_oMeasOptDensity,0,1024,102,1945,971985,,0,,02/22/2016,2016-02-22 18:07:37,18:07:37,02/22/2016,2016-02-22 18:08:27,18:08:27,25.01,01:00:00,24,,02/22/2016 18:08:02,1,2460.00939321718,0.0000000,0.0000000,02/22/2016 16:09:03,20,3,921985
0.0190681262152265,0.105809257542941,0.20497761429153,0.0345140763714475,1,0,0,0,0,0,5614302.99259893,1506138.96804429,0.20497761429153,0.0345140763714475,1,0,0,0,0,0,-0.0617165292514458,0.14565533768777,0.20497761429153,0.0345140763714475,1,0,0,0,0,0,-2608.57965347271,1918.0054656552,0.20497761429153,0.0345140763714475,1,0,0,0,0,0,1.12906539927242E-05,0.00100659396135147,0.000166149062538338,3,0.403269024886136,5.75583843456133,-0.00269649533842319,0.0387720429951971,6.00816430212341E-06,8.70511117613399E-05,-4.4609002676116E-09,6.51441652755025E-08,,1.07750525376194E-16,0,0.00120792788604751,11210412959289.3,0.000183804634214234,1308002U1,0,10,1161,753,OpticalDensity,0,2464.05536642677,1024,1211,703,0.000608951670328151,2047,-0.00059897621571936,0,0,I0_00025,5000,m_oMeasOptDensity,0,1024,102,1945,971935,,0,,02/22/2016,2016-02-22 18:08:27,18:08:27,02/22/2016,2016-02-22 18:09:17,18:09:17,25.02,01:00:00,25,,02/22/2016 18:08:52,1,2460.13281167806,0.0000000,0.0000000,02/22/2016 16:09:03,20,3,921935
0.0754353291788819,0.102051588903505,0.159923508724358,0.0275449980327895,1,0,0,0,0,0,6742314.4842075,1452771.59432897,0.159923508724358,0.0275449980327895,1,0,0,0,0,0,-0.0867902927646217,0.142478998326576,0.159923508724358,0.0275449980327895,1,0,0,0,0,0,-2519.79116192298,1849.10019227838,0.159923508724358,0.0275449980327895,1,0,0,0,0,0,1.05051057717723E-05,0.000891155267585513,0.000160264953070289,3,-2.49365330352009,5.51804501901128,0.0167554900663167,0.0371689013049338,-3.75263930669243E-05,8.34487104964052E-05,2.80139818723402E-08,6.24460507477345E-08,,4.03519173979674E-17,0,0.00109342612089991,27097253151965.2,0.00018383871288011,1308002U1,0,10,1161,753,OpticalDensity,0,2464.05536642677,1024,1211,703,0.000555368556849012,2047,-0.000538057564050898,0,0,I0_00026,5000,m_oMeasOptDensity,0,1024,102,1945,971.9634,,0,,02/22/2016,2016-02-22 18:09:18,18:09:18,02/22/2016,2016-02-22 18:10:08,18:10:08,25,01:00:00,26,,02/22/2016 18:09:43,1,2459.26377223457,0.0000000,0.0000000,02/22/2016 16:09:03,20,3,921.9634
0.0256926359725284,0.109607217656367,0.174523556179262,0.0387851076247215,1,0,0,0,0,0,5103450.88431866,1559924.19735323,0.174523556179262,0.0387851076247215,1,0,0,0,0,0,-0.118129658074685,0.152266600057505,0.174523556179262,0.0387851076247215,1,0,0,0,0,0,-2608.2830842681,1986.27495518582,0.174523556179262,0.0387851076247215,1,0,0,0,0,0,1.21166401550742E-05,0.000890035248910874,0.000172119252394164,3,1.11100983070947,5.93812523899833,-0.0075159881258202,0.0399989783282901,1.69456534369322E-05,8.98036327864986E-05,-1.27331636330641E-08,6.72023395777858E-08,,4.7986063932718E-18,0,0.00103351477273872,215378109400227,0.000185646000893619,1308002U1,0,10,1161,753,OpticalDensity,0,2464.05536642677,1024,1211,703,0.000567422403266349,2047,-0.000466092369472371,0,0,I0_00027,5000,m_oMeasOptDensity,0,1024,102,1945,971.9267,,0,,02/22/2016,2016-02-22 18:10:08,18:10:08,02/22/2016,2016-02-22 18:10:58,18:10:58,25.01,01:00:00,27,,02/22/2016 18:10:33,1,2459.43719858973,0.0000000,0.0000000,02/22/2016 16:09:03,20,3,921.9267
0.0325254868269637,0.108121320032653,0.178229186796502,0.0323626580252223,1,0,0,0,0,0,6115821.34610484,1539070.03079907,0.178229186796502,0.0323626580252223,1,0,0,0,0,0,-0.06259517877105,0.149932642400936,0.178229186796502,0.0323626580252223,1,0,0,0,0,0,-2894.87158451358,1959.45188187001,0.178229186796502,0.0323626580252223,1,0,0,0,0,0,1.17894200807825E-05,0.00107742496886156,0.000169779233010668,3,-0.747531243567794,5.86247015917535,0.0050568858283757,0.0394895441803608,-1.14029832688342E-05,8.86602744784172E-05,8.5710269021162E-09,6.63470345877201E-08,,-4.03519173979674E-17,0,0.00123168810607188,-30523657498712.2,0.00019503923462259,1308002U1,0,10,1161,753,OpticalDensity,0,2464.05536642677,1024,1211,703,0.000706901961868511,2047,-0.000524786144203371,0,0,I0_00028,5000,m_oMeasOptDensity,0,1024,102,1945,971865,,0,,02/22/2016,2016-02-22 18:10:58,18:10:58,02/22/2016,2016-02-22 18:11:48,18:11:48,25,01:00:00,28,,02/22/2016 18:11:23,1,2459.41921921646,0.0000000,0.0000000,02/22/2016 16:09:03,20,3,921865
0.042212933843124,0.109705442830581,0.179300402965007,0.0291443635764207,1,0,0,0,0,0,6893461.2771774,1561839.49879942,0.179300402965007,0.0291443635764207,1,0,0,0,0,0,-0.0756820702300945,0.152087304334961,0.179300402965007,0.0291443635764207,1,0,0,0,0,0,-2736.06955666792,1988.15702485761,0.179300402965007,0.0291443635764207,1,0,0,0,0,0,1.21399047781876E-05,0.00116527285660408,0.000172284412402165,3,-1.83409377400513,5.94620292383709,0.0123188234736988,0.0400535878131344,-2.75782051340078E-05,8.9926689696709E-05,2.05783795231005E-08,6.72947669474425E-08,,-6.54355417264336E-19,0,0.00142970268967402,-2.1849023511583E+15,0.000193802917977559,1308002U1,0,10,1161,753,OpticalDensity,0,2464.05536642677,1024,1211,703,0.000713385983580395,2047,-0.000716316706093623,0,0,I0_00029,5000,m_oMeasOptDensity,0,1024,102,1945,971905,,0,,02/22/2016,2016-02-22 18:11:49,18:11:49,02/22/2016,2016-02-22 18:12:39,18:12:39,24.98,01:00:00,29,,02/22/2016 18:12:14,1,2459.37126005002,0.0000000,0.0000000,02/22/2016 16:09:03,20,3,921905
0.0638509863081143,0.110955065143205,0.138857714885399,0.0274593172595427,1,0,0,0,0,0,7388958.63387099,1579578.87217065,0.138857714885399,0.0274593172595427,1,0,0,0,0,0,0.077220935263999,0.156191888327382,0.138857714885399,0.0274593172595427,1,0,0,0,0,0,-2812.94802191107,2009.99851512121,0.138857714885399,0.0274593172595427,1,0,0,0,0,0,1.2397169622341E-05,0.00101846483803579,0.000174100339379241,3,-3.55521013661144,5.96908404988389,0.023893311118786,0.0402063282714976,-5.35205561059738E-05,9.02664811020832E-05,3.99574280885892E-08,6.75466800691937E-08,,-2.07212548800373E-17,0,0.00134964125620018,-65133181557475,0.000200478334995413,1308002U1,0,10,1161,753,OpticalDensity,0,2464.05536642677,1024,1211,703,0.000648103201437489,2047,-0.000701538054762696,0,0,I0_00030,5000,m_oMeasOptDensity,0,1024,102,1945,971.93,,0,,02/22/2016,2016-02-22 18:14:22,18:14:22,02/22/2016,2016-02-22 18:15:12,18:15:12,25.25,01:00:00,30,,02/22/2016 18:14:47,1,2462.47832108946,0.0000000,0.0000000,02/22/2016 16:09:03,20,3,921.93
0.0538822137677507,0.108882712121449,0.191927674507422,0.0303960804793607,1,0,0,0,0,0,6573370.39365556,1550033.32160775,0.191927674507422,0.0303960804793607,1,0,0,0,0,0,0.0228856273063659,0.150835266292654,0.191927674507422,0.0303960804793607,1,0,0,0,0,0,-2781.28436399473,1973.27733652351,0.191927674507422,0.0303960804793607,1,0,0,0,0,0,1.19081833969249E-05,0.00111593537146045,0.000170632243989335,3,-1.85790969798155,5.88754425798298,0.0125168588439515,0.0396585309288049,-2.8114321447607E-05,8.90398784892201E-05,2.10532555707125E-08,6.66312579527761E-08,,6.43449493643264E-17,0,0.00121393760230659,18866089946441.3,0.000196881730271991,1308002U1,0,10,1161,753,OpticalDensity,0,2464.05536642677,1024,1211,703,0.000663498561655818,2047,-0.000550439040650774,0,0,I0_00031,5000,m_oMeasOptDensity,0,1024,102,1945,971.97,,0,,02/22/2016,2016-02-22 18:15:13,18:15:13,02/22/2016,2016-02-22 18:16:03,18:16:03,25.65,01:00:00,31,,02/22/2016 18:15:38,1,2462.77678724458,0.0000000,0.0000000,02/22/2016 16:09:03,20,3,921.97
0.00335608581160087,0.105072481865572,0.17025964586491,0.0334053022369479,1,0,0,0,0,0,5778261.81985524,1495547.90785139,0.17025964586491,0.0334053022369479,1,0,0,0,0,0,0.00619362716328294,0.146245452092634,0.17025964586491,0.0334053022369479,1,0,0,0,0,0,-2915.09965477115,1903.98333031036,0.17025964586491,0.0334053022369479,1,0,0,0,0,0,1.10989554728792E-05,0.000951802122084297,0.000164732542160776,3,1.98593880654011,5.6760146009923,-0.0133245999360404,0.0382332315213613,2.97847705089499E-05,8.58388639700347E-05,-2.21812676042285E-08,6.4235097452892E-08,,-1.67951223764513E-17,0,0.00130533986629489,-77721366777602.3,0.000194496506508271,1308002U1,0,10,1161,753,OpticalDensity,0,2464.05536642677,1024,1211,703,0.000721251416311075,2047,-0.000584088449983811,0,0,I0_00032,5000,m_oMeasOptDensity,0,1024,102,1945,971.9734,,0,,02/22/2016,2016-02-22 18:16:03,18:16:03,02/22/2016,2016-02-22 18:16:53,18:16:53,25.52,01:00:00,32,,02/22/2016 18:16:28,1,2461.00594560361,0.0000000,0.0000000,02/22/2016 16:09:03,20,3,921.9734
0.0265547429731558,0.0991634789781886,0.199298270964752,0.0306759725543252,1,0,0,0,0,0,5919826.66425725,1411544.97717216,0.199298270964752,0.0306759725543252,1,0,0,0,0,0,-0.0744209196755164,0.136917440821808,0.199298270964752,0.0306759725543252,1,0,0,0,0,0,-2513.47873536177,1797.31467002446,0.199298270964752,0.0306759725543252,1,0,0,0,0,0,9.9055677943455E-06,0.000933342406838517,0.000155624522855948,3,3.32473911992998,5.37629949484399,-0.0223634883897506,0.0362150964603135,5.01244910118117E-05,8.13095149783131E-05,-3.74360365380723E-08,6.0846926466219E-08,,-8.70292704961567E-17,0,0.00129784491871898,-14912740406991,0.000187068677235138,1308002U1,0,10,1161,753,OpticalDensity,0,2464.05536642677,1024,1211,703,0.000754753611467596,2047,-0.000543091307251387,0,0,I0_00033,5000,m_oMeasOptDensity,418134187548.55,1024,102,1945,971.9767,,0,,02/22/2016,2016-02-22 18:16:53,18:16:53,02/22/2016,2016-02-22 18:17:43,18:17:43,25.21,01:00:00,33,,02/22/2016 18:17:18,1,2460.62161492144,0.0000000,0.0000000,02/22/2016 16:09:03,20,3,921.9767
0.0721521282599194,0.1068078945857,0.165246021955004,0.030604278866659,1,0,0,0,0,0,6375627.00653951,1520384.8946534,0.165246021955004,0.030604278866659,1,0,0,0,0,0,-0.0267894846431229,0.149082184461369,0.165246021955004,0.030604278866659,1,0,0,0,0,0,-1981.3424166911,1935.2992667158,0.165246021955004,0.030604278866659,1,0,0,0,0,0,1.15110025518457E-05,0.00116397081685299,0.000167762512250552,3,1.28776063590876,5.7778482551849,-0.00876220293535273,0.0389189293789711,1.98578030651795E-05,8.73777906324022E-05,-1.49899482372577E-08,6.53862867330804E-08,,5.01672486569324E-18,0,0.0012268532310743,244552624255738,0.000197052342705017,1308002U1,0,10,1161,753,OpticalDensity,0,2464.05536642677,1024,1211,703,0.000630107114602207,2047,-0.000596746116472091,0,0,I0_00034,5000,m_oMeasOptDensity,0,1024,102,1945,972.09,,0,,02/22/2016,2016-02-22 18:17:44,18:17:44,02/22/2016,2016-02-22 18:18:34,18:18:34,24.99,01:00:00,34,,02/22/2016 18:18:09,1,2461.47025773511,0.0000000,0.0000000,02/22/2016 16:09:03,20,3,922.09
0.00682329314578472,0.107870292727164,0.183712063238736,0.0338125540918377,1,0,0,0,0,0,5878667.8388951,1535423.87104633,0.183712063238736,0.0338125540918377,1,0,0,0,0,0,0.024001123772771,0.149830816114139,0.183712063238736,0.0338125540918377,1,0,0,0,0,0,-2011.02175423914,1954.81431486456,0.183712063238736,0.0338125540918377,1,0,0,0,0,0,1.17497602898601E-05,0.000932390430307649,0.000169493422177792,3,1.14264375311381,5.84977366047522,-0.00769839302949504,0.0394038626891126,1.72788759624521E-05,8.84675478911962E-05,-1.29199463227968E-08,6.62025412526001E-08,,6.21637646401119E-17,0,0.00123425389606935,19854876924119.4,0.000187144844356503,1308002U1,0,10,1161,753,OpticalDensity,0,2464.05536642677,1024,1211,703,0.000612332855561726,2047,-0.000621921040507623,0,0,I0_00035,5000,m_oMeasOptDensity,0,1024,102,1945,972.0684,,0,,02/22/2016,2016-02-22 18:18:34,18:18:34,02/22/2016,2016-02-22 18:19:24,18:19:24,24.87,01:00:00,35,,02/22/2016 18:18:59,1,2462.32997753902,0.0000000,0.0000000,02/22/2016 16:09:03,20,3,922.0684
0.0475204276933839,0.101629599571816,0.127724496778482,0.0287027969972106,1,0,0,0,0,0,6498069.15882323,1446412.92493451,0.127724496778482,0.0287027969972106,1,0,0,0,0,0,0.0172447377498809,0.143810445334429,0.127724496778482,0.0287027969972106,1,0,0,0,0,0,-1351.07177285719,1840.87778502103,0.127724496778482,0.0287027969972106,1,0,0,0,0,0,1.04328679599612E-05,0.00100310505978034,0.000159712975736205,3,-4.22602174068911,5.4693163841029,0.0284277014408653,0.036839636422843,-6.37447242680078E-05,8.27071318662996E-05,4.76473424524285E-08,6.18893528177362E-08,,-8.72473889685781E-19,0,0.00125209464699627,-1.43510844484665E+15,0.000184477202613649,1308002U1,0,10,1161,753,OpticalDensity,0,2464.05536642677,1024,1211,703,0.000595618504306783,2047,-0.000656476142689488,0,0,I0_00036,5000,m_oMeasOptDensity,0,1024,102,1945,972075,,0,,02/22/2016,2016-02-22 18:19:24,18:19:24,02/22/2016,2016-02-22 18:20:14,18:20:14,24.83,01:00:00,36,,02/22/2016 18:19:49,1,2463.40825633558,0.0000000,0.0000000,02/22/2016 16:09:03,20,2,922075
0.0578671117077412,0.103612983888201,0.114189418887711,0.0299804962579938,1,0,0,0,0,0,6277378.42082914,1474697.89432168,0.114189418887711,0.0299804962579938,1,0,0,0,0,0,0.0970220785702534,0.147578723672056,0.114189418887711,0.0299804962579938,1,0,0,0,0,0,-1795.37443875905,1876.57740582204,0.114189418887711,0.0299804962579938,1,0,0,0,0,0,1.08403317291356E-05,0.00109686799445487,0.000162801960616602,3,-6.35290976399259,5.56478557074066,0.0427519101825953,0.0374822247637255,-9.58980010107867E-05,8.41487325627456E-05,7.17025100886961E-08,6.29673053979501E-08,,3.70801403116457E-18,0,0.00114603435680105,309069584734316,0.00018502689973728,1308002U1,0,10,1161,753,OpticalDensity,0,2464.05536642677,1024,1211,703,0.000599192109064672,2047,-0.000546842247736379,0,0,I0_00037,5000,m_oMeasOptDensity,0,1024,102,1945,972.0634,,0,,02/22/2016,2016-02-22 18:20:14,18:20:14,02/22/2016,2016-02-22 18:21:04,18:21:04,24.88,01:00:00,37,,02/22/2016 18:20:39,1,2463.93951502553,0.0000000,0.0000000,02/22/2016 16:09:03,20,3,922.0634
0.0413962891853517,0.105991859470046,0.180516458354799,0.0293527305158509,1,0,0,0,0,0,6636596.02251459,1508800.32767019,0.180516458354799,0.0293527305158509,1,0,0,0,0,0,0.0167300213660032,0.146938365787157,0.180516458354799,0.0293527305158509,1,0,0,0,0,0,-2014.33161331334,1920.83392245284,0.180516458354799,0.0293527305158509,1,0,0,0,0,0,1.1339445141678E-05,0.00103302371389759,0.000166507671733503,3,-2.54272457999403,5.7422404318461,0.0170700590556586,0.0386796895836603,-3.8200422428964E-05,8.68420529710165E-05,2.84969477497475E-08,6.49864326068628E-08,,-8.55024411892066E-17,0,0.00108478762335762,-12687212297916.9,0.000189016079635343,1308002U1,0,10,1161,753,OpticalDensity,0,2464.05536642677,1024,1211,703,0.000536324770179619,2047,-0.000548462853178,0,0,I0_00038,5000,m_oMeasOptDensity,0,1024,102,1945,972.1284,,0,,02/22/2016,2016-02-22 18:21:05,18:21:05,02/22/2016,2016-02-22 18:21:55,18:21:55,24.95,01:00:00,38,,02/22/2016 18:21:30,1,2463.85764412305,0.0000000,0.0000000,02/22/2016 16:09:03,20,2,922.1284
0.0525592086737591,0.104862367189824,0.121785645701638,0.0283850158514069,1,0,0,0,0,0,6763843.50058941,1492517.85539563,0.121785645701638,0.0283850158514069,1,0,0,0,0,0,0.0420338088917456,0.148783617344931,0.121785645701638,0.0283850158514069,1,0,0,0,0,0,-1711.63531419062,1899.35246307273,0.121785645701638,0.0283850158514069,1,0,0,0,0,0,1.10964678318298E-05,0.000948791606957465,0.000164714080094246,3,-4.44311758790003,5.6396457480912,0.0298882781880009,0.0379867320365239,-6.70177030437277E-05,8.52819951136629E-05,5.00902560880792E-08,6.38157826277505E-08,,2.3993031966359E-17,0,0.00114776823989993,47837565569421.6,0.000189086686219859,1308002U1,0,10,1161,753,OpticalDensity,0,2464.05536642677,1024,1211,703,0.000554787180299776,2047,-0.000592981059600151,0,0,I0_00039,5000,m_oMeasOptDensity,0,1024,102,1945,972.0934,,0,,02/22/2016,2016-02-22 18:21:55,18:21:55,02/22/2016,2016-02-22 18:22:45,18:22:45,24.98,01:00:00,39,,02/22/2016 18:22:20,1,2464.36444300256,0.0000000,0.0000000,02/22/2016 16:09:03,20,2,922.0934
-0.0173463288272949,0.107460622157282,0.127022634289896,0.0307047967546779,1,0,0,0,0,0,6446462.01907374,1529508.35207237,0.127022634289896,0.0307047967546779,1,0,0,0,0,0,0.0255025051084099,0.152061859844866,0.127022634289896,0.0307047967546779,1,0,0,0,0,0,-1924.35497933282,1946.47051058572,0.127022634289896,0.0307047967546779,1,0,0,0,0,0,1.16531153952764E-05,0.00101095252105372,0.000168794918999579,3,-2.74406153716467,5.77452561149415,0.0184562873787923,0.03889542457877,-4.13796804591777E-05,8.73224818437166E-05,3.09258324970404E-08,6.53429884450405E-08,,-1.00988852731129E-16,0,0.00120156307442065,-11897977271013,0.000188378756448858,1308002U1,0,10,1161,753,OpticalDensity,0,2464.05536642677,1024,1211,703,0.000597981697925576,2047,-0.000603581376495077,0,0,I0_00040,5000,m_oMeasOptDensity,0,1024,102,1945,972125,,0,,02/22/2016,2016-02-22 18:22:45,18:22:45,02/22/2016,2016-02-22 18:23:35,18:23:35,24.99,01:00:00,40,,02/22/2016 18:23:10,1,2464.72612086742,0.0000000,0.0000000,02/22/2016 16:09:03,20,2,922125
-0.00131384594564009,0.105012816562672,0.179179162945312,0.0318244568902304,1,0,0,0,0,0,6078660.56834519,1494803.42931212,0.179179162945312,0.0318244568902304,1,0,0,0,0,0,0.0222924218429859,0.145806430132301,0.179179162945312,0.0318244568902304,1,0,0,0,0,0,-2121.25613809656,1903.02979586544,0.179179162945312,0.0318244568902304,1,0,0,0,0,0,1.11275943266584E-05,0.000870918794827018,0.000164944936527121,3,-1.21183106896837,5.68926945940214,0.00816286263885934,0.0383227395026927,-1.8331421041385E-05,8.60403288755969E-05,1.37246396235703E-08,6.43862404440025E-08,,-1.30871083452867E-17,0,0.00113361293466308,-86620581472556,0.000182407833163825,1308002U1,0,10,1161,753,OpticalDensity,0,2464.05536642677,1024,1211,703,0.000598106008650401,2047,-0.000535506926012674,0,0,I0_00041,5000,m_oMeasOptDensity,0,1024,102,1945,972165,,0,,02/22/2016,2016-02-22 18:23:35,18:23:35,02/22/2016,2016-02-22 18:24:26,18:24:26,25.01,01:00:00,41,,02/22/2016 18:24:00,1,2464.75277664461,0.0000000,0.0000000,02/22/2016 16:09:03,20,3,922165
0.0682383041254817,0.10652939774226,0.121846413121948,0.0315986144637721,1,0,0,0,0,0,6158003.34217209,1516193.54604633,0.121846413121948,0.0315986144637721,1,0,0,0,0,0,0.0150365789529113,0.15145180315699,0.121846413121948,0.0315986144637721,1,0,0,0,0,0,-2074.84642664969,1929.46999485675,0.121846413121948,0.0315986144637721,1,0,0,0,0,0,1.14505385741838E-05,0.000913314404335697,0.00016732132790224,3,-1.57394313089047,5.72410975854126,0.0105067193816809,0.0385555059212315,-2.33794898380372E-05,8.65585873480375E-05,1.73417533241337E-08,6.47707958116349E-08,,-3.72982587840671E-17,0,0.0011291785423021,-30274296417945.8,0.00018842690519249,1308002U1,0,10,1161,753,OpticalDensity,0,2464.05536642677,1024,1211,703,0.00057198607378306,2047,-0.000557192468519041,0,0,I0_00042,5000,m_oMeasOptDensity,0,1024,102,1945,972.11,,0,,02/22/2016,2016-02-22 18:24:26,18:24:26,02/22/2016,2016-02-22 18:25:16,18:25:16,25.01,01:00:00,42,,02/22/2016 18:24:51,1,2464.75940571108,0.0000000,0.0000000,02/22/2016 16:09:03,20,3,922.11
0.0654083852768993,0.103837258668355,0.137233094060325,0.0308912073976864,1,0,0,0,0,0,6154125.26369318,1477913.10010405,0.137233094060325,0.0308912073976864,1,0,0,0,0,0,-0.0365629205578014,0.146358926780865,0.137233094060325,0.0308912073976864,1,0,0,0,0,0,-2136.21978461973,1880.98756970071,0.137233094060325,0.0308912073976864,1,0,0,0,0,0,1.08783871457608E-05,0.00101982518224065,0.000163087472182023,3,-2.10323774713667,5.58526049812251,0.0141375139940936,0.0376208817106813,-3.16787137683406E-05,8.44617128082734E-05,2.36630711149671E-08,6.32027821672632E-08,,-5.36571442156755E-17,0,0.00106893930125596,-19921658464702.1,0.000185294674478191,1308002U1,0,10,1161,753,OpticalDensity,0,2464.05536642677,1024,1211,703,0.000534988929322244,2047,-0.000533950371933711,0,0,I0_00043,5000,m_oMeasOptDensity,0,1024,102,1945,972.15,,0,,02/22/2016,2016-02-22 18:25:16,18:25:16,02/22/2016,2016-02-22 18:26:06,18:26:06,25.03,01:00:00,43,,02/22/2016 18:25:41,1,2465.10364586729,0.0000000,0.0000000,02/22/2016 16:09:03,20,3,922.15
0.0275803612503277,0.106730952419763,0.14520731748461,0.0280596833355537,1,0,0,0,0,0,7001608.48442507,1519345.16370392,0.14520731748461,0.0280596833355537,1,0,0,0,0,0,0.0428703164195528,0.150205974517744,0.14520731748461,0.0280596833355537,1,0,0,0,0,0,-2053.40802210847,1933.51781948111,0.14520731748461,0.0280596833355537,1,0,0,0,0,0,1.14962880242321E-05,0.000976586169887386,0.000167655252087857,3,-5.16768477547521,5.75518110166607,0.0347734908595398,0.0387655599715717,-7.79955057605737E-05,8.70319060195445E-05,5.83122058565259E-08,6.51262860789259E-08,,-2.37749134939375E-17,0,0.00129716130836088,-54560085305532.3,0.000193215711363936,1308002U1,0,10,1161,753,OpticalDensity,0,2464.05536642677,1024,1211,703,0.000709345333310019,2047,-0.000587815975050865,0,0,I0_00044,5000,m_oMeasOptDensity,0,1024,102,1945,972.1934,,0,,02/22/2016,2016-02-22 18:26:06,18:26:06,02/22/2016,2016-02-22 18:26:56,18:26:56,25,01:00:00,44,,02/22/2016 18:26:31,1,2465.52442614809,0.0000000,0.0000000,02/22/2016 16:09:03,20,3,922.1934
0.152623881122488,0.101849121243518,0.167027136885191,0.038801438519505,1,0,0,0,0,0,4606710.4941161,1449960.85843056,0.167027136885191,0.038801438519505,1,0,0,0,0,0,-0.039315380640784,0.142108113958061,0.167027136885191,0.038801438519505,1,0,0,0,0,0,-1277.35740990399,1845.41783606347,0.167027136885191,0.038801438519505,1,0,0,0,0,0,1.04644139931649E-05,0.00088582401690014,0.000159954256782671,3,-6.59751929391292,5.50013173156213,0.0443772855653338,0.0370482767326261,-9.94895377791096E-05,8.31779818198456E-05,7.43413870383043E-08,6.22435294380766E-08,,-1.65770039040298E-17,0,0.00113752952987134,-68620936355984.6,0.000181295626327445,1308002U1,0,10,1161,753,OpticalDensity,0,2464.05536642677,1024,1211,703,0.000581431995403503,2047,-0.000556097534467837,0,0,I0_00045,5000,m_oMeasOptDensity,0,1024,102,1945,972.1684,,0,,02/22/2016,2016-02-22 20:23:55,20:23:55,02/22/2016,2016-02-22 20:24:45,20:24:45,25.05,01:00:00,45,,02/22/2016 20:24:20,1,2471.28795948367,0.0000000,0.0000000,02/22/2016 16:09:03,20,2,922.1684
0.112128149729864,0.104242288219368,0.134965219135988,0.031868355725182,1,0,0,0,0,0,5865759.47318725,1483602.30967004,0.134965219135988,0.031868355725182,1,0,0,0,0,0,-0.110883818650794,0.146911714273798,0.134965219135988,0.031868355725182,1,0,0,0,0,0,-2385.13474415393,1888.35428124001,0.134965219135988,0.031868355725182,1,0,0,0,0,0,1.09518312137107E-05,0.00103053981650591,0.000163637078385911,3,-0.278618121786305,5.60927633641734,0.00182854609265206,0.0377826632807706,-3.9964865734161E-06,8.4824960851472E-05,2.90872371905756E-09,6.34746266258998E-08,,-4.14425097600746E-17,0,0.00114290954281127,-27578193247174.8,0.0001830587386872,1308002U1,0,10,1161,753,OpticalDensity,0,2464.05536642677,1024,1211,703,0.000543872215564845,2047,-0.000599037327246421,0,0,I0_00046,5000,m_oMeasOptDensity,0,1024,102,1945,972.11,,0,,02/22/2016,2016-02-22 20:24:45,20:24:45,02/22/2016,2016-02-22 20:25:35,20:25:35,25.18,01:00:00,46,,02/22/2016 20:25:10,1,2471.65000196685,0.0000000,0.0000000,02/22/2016 16:09:03,20,3,922.11
0.0531574172075001,0.103914054013582,0.196021481294129,0.031541531383653,1,0,0,0,0,0,6043894.29603722,1479263.90085172,0.196021481294129,0.031541531383653,1,0,0,0,0,0,-0.0247951053293922,0.143178956848045,0.196021481294129,0.031541531383653,1,0,0,0,0,0,-2291.62185466392,1883.64441711648,0.196021481294129,0.031541531383653,1,0,0,0,0,0,1.08788076547625E-05,0.000972920547209881,0.000163090624260902,3,-2.18333701272559,5.65738839153632,0.0146660013792535,0.0381087905253955,-3.28367004559651E-05,8.55617879020705E-05,2.45055039921288E-08,6.40294941693693E-08,,8.72473889685781E-18,0,0.00118569080209729,135899860857076,0.00018803882582533,1308002U1,0,10,1161,753,OpticalDensity,0,2464.05536642677,1024,1211,703,0.000653664587827896,2047,-0.000532026214269399,0,0,I0_00047,5000,m_oMeasOptDensity,0,1024,102,1945,972105,,0,,02/22/2016,2016-02-22 20:25:36,20:25:36,02/22/2016,2016-02-22 20:26:26,20:26:26,25.23,01:00:00,47,,02/22/2016 20:26:01,1,2470.43420344306,0.0000000,0.0000000,02/22/2016 16:09:03,20,3,922105
0.0972316311813061,0.111417896772084,0.174546805458115,0.0319508331214085,1,0,0,0,0,0,6330446.17538234,1586044.15483024,0.174546805458115,0.0319508331214085,1,0,0,0,0,0,-0.0636971293944155,0.154725191808737,0.174546805458115,0.0319508331214085,1,0,0,0,0,0,-1924.99600076845,2019.08038022246,0.174546805458115,0.0319508331214085,1,0,0,0,0,0,1.2508461369295E-05,0.00107434984764286,0.000174880059253947,3,-1.27495810901832,6.02905462679736,0.0085443097639286,0.0406115006050709,-1.90875231231848E-05,9.11788961672191E-05,1.42139039542189E-08,6.82315312412771E-08,,-2.61742166905734E-18,0,0.0013001561812308,-496731648782847,0.000197085080118246,1308002U1,0,10,1161,753,OpticalDensity,0,2464.05536642677,1024,1211,703,0.000793723277981884,2047,-0.000506432903248921,0,0,I0_00048,5000,m_oMeasOptDensity,0,1024,102,1945,972165,,0,,02/22/2016,2016-02-22 20:26:26,20:26:26,02/22/2016,2016-02-22 20:27:16,20:27:16,25.23,01:00:00,48,,02/22/2016 20:26:51,1,2469.41626904007,0.0000000,0.0000000,02/22/2016 16:09:03,20,3,922165
0.0616402682743558,0.100458591992066,0.196376216929387,0.0300956477052877,1,0,0,0,0,0,6104009.69951909,1430030.12612109,0.196376216929387,0.0300956477052877,1,0,0,0,0,0,-0.0608811467719937,0.138748351018632,0.196376216929387,0.0300956477052877,1,0,0,0,0,0,-2217.2092419753,1820.80993934472,0.196376216929387,0.0300956477052877,1,0,0,0,0,0,1.01724418771899E-05,0.000966174543104569,0.000157706994218271,3,-1.93500577805154,5.45521942340311,0.0129955464333494,0.0367466922166247,-2.90935599517524E-05,8.25030096062912E-05,2.17114332608806E-08,6.17400336700717E-08,,1.29562372618338E-16,0,0.00122646921228842,9466245388244.92,0.000180192531424874,1308002U1,0,10,1161,753,OpticalDensity,0,2464.05536642677,1024,1211,703,0.000601147883256492,2047,-0.000625321329031925,0,0,I0_00049,5000,m_oMeasOptDensity,0,1024,102,1945,972155,,0,,02/22/2016,2016-02-22 20:27:16,20:27:16,02/22/2016,2016-02-22 20:28:06,20:28:06,25.17,01:00:00,49,,02/22/2016 20:27:41,1,2469.25205749476,0.0000000,0.0000000,02/22/2016 16:09:03,20,3,922155
0.126651457314874,0.105790009266295,0.167301815298896,0.032347334695166,1,0,0,0,0,0,5792310.2978281,1505709.47175432,0.167301815298896,0.032347334695166,1,0,0,0,0,0,-0.142993239538643,0.147812478330802,0.167301815298896,0.032347334695166,1,0,0,0,0,0,-2119.92776344031,1916.74342381115,0.167301815298896,0.032347334695166,1,0,0,0,0,0,1.12871854687256E-05,0.00102713347554649,0.000166123535694081,3,-2.97102926516405,5.70612827223364,0.0199027104479577,0.0384357227370475,-4.44412604209567E-05,8.62926916578788E-05,3.30772421374107E-08,6.45741118131801E-08,,1.96306625179301E-18,0,0.00129650581499297,660449342353461,0.000190189834245406,1308002U1,0,10,1161,753,OpticalDensity,0,2464.05536642677,1024,1211,703,0.000690490519852927,2047,-0.000606015295140039,0,0,I0_00050,5000,m_oMeasOptDensity,0,1024,102,1945,972165,,0,,02/22/2016,2016-02-22 20:28:07,20:28:07,02/22/2016,2016-02-22 20:28:57,20:28:57,25.09,01:00:00,50,,02/22/2016 20:28:32,1,2468.45051754798,0.0000000,0.0000000,02/22/2016 16:09:03,20,3,922165
0.0816199357402221,0.10501257180028,0.162063618466344,0.0269455688754777,1,0,0,0,0,0,7121823.75313076,1495017.72920932,0.162063618466344,0.0269455688754777,1,0,0,0,0,0,-0.0228017742325762,0.146671647501644,0.162063618466344,0.0269455688754777,1,0,0,0,0,0,-2171.28393220674,1902.71468999611,0.162063618466344,0.0269455688754777,1,0,0,0,0,0,1.11282524212556E-05,0.000975354028837301,0.00016494981396667,3,-6.67515787146777,5.67529555652165,0.044833748756122,0.0382280827875921,-0.000100369851645589,8.58266137689872E-05,7.48955706416869E-08,6.4225409720632E-08,,3.44627186425884E-17,0,0.0014664563729222,42551964287285.8,0.000194631572840159,1308002U1,0,10,1161,753,OpticalDensity,0,2464.05536642677,1024,1211,703,0.000832260202857982,2047,-0.000634196170064216,0,0,I0_00051,5000,m_oMeasOptDensity,0,1024,102,1945,972.1967,,0,,02/22/2016,2016-02-22 20:28:57,20:28:57,02/22/2016,2016-02-22 20:29:47,20:29:47,25.01,01:00:00,51,,02/22/2016 20:29:22,1,2467.76673318169,0.0000000,0.0000000,02/22/2016 16:09:03,20,3,922.1967
0.0633302953586274,0.104968005006635,0.162577783142494,0.0346177596151959,1,0,0,0,0,0,5501321.16995727,1493928.63288221,0.162577783142494,0.0346177596151959,1,0,0,0,0,0,0.0710806433713863,0.14673124597124,0.162577783142494,0.0346177596151959,1,0,0,0,0,0,-2571.41776084315,1901.89306454757,0.162577783142494,0.0346177596151959,1,0,0,0,0,0,1.10677307136076E-05,0.00105566566297248,0.000164500656718065,3,1.72268135427505,5.66164743511033,-0.0115587899063715,0.0381360869088405,2.58428706762248E-05,8.56199259368738E-05,-1.92526445425612E-08,6.40706305543672E-08,,-3.64257848943814E-17,0,0.00126416371172555,-34705187970309.1,0.000186182942275837,1308002U1,0,10,1161,753,OpticalDensity,0,2464.05536642677,1024,1211,703,0.000673398550933846,2047,-0.000590765160791706,0,0,I0_00052,5000,m_oMeasOptDensity,426692338317768,1024,102,1945,972.1,,0,,02/22/2016,2016-02-22 22:14:29,22:14:29,02/22/2016,2016-02-22 22:15:19,22:15:19,25.69,01:00:00,52,,02/22/2016 22:14:54,1,2477.08893933569,0.0000000,0.0000000,02/22/2016 16:09:03,20,3,922.1
0.05637673957987,0.107299387051768,0.174534049362432,0.0328117659459754,1,0,0,0,0,0,5983032.84414983,1527311.67710182,0.174534049362432,0.0328117659459754,1,0,0,0,0,0,-0.0298245937646776,0.149183325104587,0.174534049362432,0.0328117659459754,1,0,0,0,0,0,-2337.5052983756,1944.37486270975,0.174534049362432,0.0328117659459754,1,0,0,0,0,0,1.16033078225273E-05,0.000971119515196678,0.000168433802355868,3,2.46499973428377,5.80280950617634,-0.0166046520188035,0.0390874077584006,3.72708396223616E-05,8.77568230267782E-05,-2.78763713161898E-08,6.5670512065697E-08,,-6.28181200573762E-17,0,0.00117957260820578,-18777585307048.3,0.000188697210433914,1308002U1,0,10,1161,753,OpticalDensity,0,2464.05536642677,1024,1211,703,0.000557808361403178,2047,-0.000621764246802603,0,0,I0_00053,5000,m_oMeasOptDensity,0,1024,102,1945,972.11,,0,,02/22/2016,2016-02-22 22:15:20,22:15:20,02/22/2016,2016-02-22 22:16:10,22:16:10,25.18,01:00:00,53,,02/22/2016 22:15:45,1,2486.94808910288,0.0000000,0.0000000,02/22/2016 16:09:03,20,3,922.11
0.0571970521302126,0.11125855535232,0.104402140660319,0.0354493896683278,1,0,0,0,0,0,5742142.09873625,1583293.08207006,0.104402140660319,0.0354493896683278,1,0,0,0,0,0,-0.00450812554283392,0.159383275154374,0.104402140660319,0.0354493896683278,1,0,0,0,0,0,-2737.66785586624,2014.82090283845,0.104402140660319,0.0354493896683278,1,0,0,0,0,0,1.2510877061673E-05,0.000972292170706891,0.000174896945204432,2,2.87069181826958,5.96027952151246,-0.0192670055483431,0.0401456882929319,4.30914794572815E-05,9.01273210662167E-05,-3.21157520852482E-08,6.74402713020577E-08,,3.70801403116457E-17,0,0.00126702349396512,34169867840742.6,0.000197786161190867,1308002U1,0,10,1161,753,OpticalDensity,0,2464.05536642677,1024,1211,703,0.000766194156415212,2047,-0.000500829337549913,0,0,I0_00054,5000,m_oMeasOptDensity,0,1024,102,1945,972.0917,,0,,02/22/2016,2016-02-22 22:16:10,22:16:10,02/22/2016,2016-02-22 22:17:00,22:17:00,24.75,01:00:00,54,,02/22/2016 22:16:35,1,2488.39009127105,0.0000000,0.0000000,02/22/2016 16:09:03,20,3,922.0917
0.0360642803526161,0.109837316679108,0.17206600506188,0.0308832525113339,1,0,0,0,0,0,6523363.28787537,1563579.88134892,0.17206600506188,0.0308832525113339,1,0,0,0,0,0,-0.0267764996908469,0.152965022133045,0.17206600506188,0.0308832525113339,1,0,0,0,0,0,-2853.29897719928,1990.27867000057,0.17206600506188,0.0308832525113339,1,0,0,0,0,0,1.22010621516821E-05,0.000967301989791631,0.000172717827115841,4,2.3009887772394,5.94817608793597,-0.0154383396399729,0.0400664353707675,3.45161244308203E-05,8.9954531415998E-05,-2.57145281976988E-08,6.73148458191268E-08,,-2.5956098218152E-17,0,0.00119057859148697,-45868935364651.8,0.000198980063114152,1308002U1,0,10,1161,753,OpticalDensity,0,2464.05536642677,1024,1211,703,0.000599313016178327,2047,-0.000591265575308642,0,0,I0_00055,5000,m_oMeasOptDensity,0,1024,102,1945,972125,,0,,02/22/2016,2016-02-22 22:17:00,22:17:00,02/22/2016,2016-02-22 22:17:50,22:17:50,24.65,01:00:00,55,,02/22/2016 22:17:25,1,2488.80934645537,0.0000000,0.0000000,02/22/2016 16:09:03,20,3,922125
0.0172652407657029,0.111919220482483,0.16813292561234,0.0306652502592725,1,0,0,0,0,0,6704054.41695433,1593198.86340177,0.16813292561234,0.0306652502592725,1,0,0,0,0,0,-0.022079378325767,0.156555265042149,0.16813292561234,0.0306652502592725,1,0,0,0,0,0,-2970.60193236237,2027.77690649262,0.16813292561234,0.0306652502592725,1,0,0,0,0,0,1.26543005567497E-05,0.00092274522612419,0.000175896589385216,3,3.58421678376181,6.04797731848172,-0.0240938631412562,0.0407382833873098,5.39762283450992E-05,9.14620037506858E-05,-4.02979475595846E-08,6.84422271534938E-08,,3.16271785011096E-17,0,0.00127825322519592,40416290221749.6,0.000199560266729942,1308002U1,0,10,1161,753,OpticalDensity,0,2464.05536642677,1024,1211,703,0.000705941372019403,2047,-0.000572311853176521,0,0,I0_00056,5000,m_oMeasOptDensity,0,1024,102,1945,972.0734,,0,,02/22/2016,2016-02-22 22:17:51,22:17:51,02/22/2016,2016-02-22 22:18:41,22:18:41,24.8,01:00:00,56,,02/22/2016 22:18:16,1,2488.2807055795,0.0000000,0.0000000,02/22/2016 16:09:03,20,3,922.0734
0.0806310473071708,0.106202588532081,0.153907899582405,0.0286595706313735,1,0,0,0,0,0,6768551.00669979,1511824.69178282,0.153907899582405,0.0286595706313735,1,0,0,0,0,0,0.0281388005086447,0.148660982844659,0.153907899582405,0.0286595706313735,1,0,0,0,0,0,-2351.22849879159,1924.16390347249,0.153907899582405,0.0286595706313735,1,0,0,0,0,0,1.13833796484174E-05,0.00098186902639019,0.000166829925609979,3,-0.884538802076832,5.73349433383896,0.00595584896374019,0.038619912816072,-1.3374965187545E-05,8.670589065728E-05,1.0017531909701E-08,6.4883064075554E-08,,4.97310117120895E-17,0,0.00130248257751475,26190550577480.4,0.000196797730523086,1308002U1,0,10,1161,753,OpticalDensity,0,2464.05536642677,1024,1211,703,0.000718455914412774,2047,-0.000584026663101977,0,0,I0_00057,5000,m_oMeasOptDensity,0,1024,102,1945,972.1,,0,,02/22/2016,2016-02-22 22:18:41,22:18:41,02/22/2016,2016-02-22 22:19:31,22:19:31,24.96,01:00:00,57,,02/22/2016 22:19:06,1,2487.1940191409,0.0000000,0.0000000,02/22/2016 16:09:03,20,3,922.1
0.0772672026928437,0.109146994670263,0.129629647563957,0.0330994238892607,1,0,0,0,0,0,6008770.3915414,1553433.48903244,0.129629647563957,0.0330994238892607,1,0,0,0,0,0,-0.0350468040908372,0.154662037057943,0.129629647563957,0.0330994238892607,1,0,0,0,0,0,-2610.70784733489,1977.01342122472,0.129629647563957,0.0330994238892607,1,0,0,0,0,0,1.20171936594527E-05,0.00109547387036704,0.000171411468642538,3,2.36162507049041,5.87204427845713,-0.015803225202456,0.0395521881244289,3.52356232110385E-05,8.87967406353178E-05,-2.61769138704831E-08,6.64460045066487E-08,,-1.09059236210723E-18,0,0.00122487518302827,-1.1231283342766E+15,0.000191884022319003,1308002U1,0,10,1161,753,OpticalDensity,0,2464.05536642677,1024,1211,703,0.000659337320650155,2047,-0.000565537862378118,0,0,I0_00058,5000,m_oMeasOptDensity,0,1024,102,1945,972.12,,0,,02/22/2016,2016-02-22 22:19:31,22:19:31,02/22/2016,2016-02-22 22:20:21,22:20:21,25.05,01:00:00,58,,02/22/2016 22:19:56,1,2486.4687529468,0.0000000,0.0000000,02/22/2016 16:09:03,20,3,922.12
0.10549701569909,0.109638593656838,0.15814967928133,0.028676533120384,1,0,0,0,0,0,6949892.34619481,1560809.83746155,0.15814967928133,0.028676533120384,1,0,0,0,0,0,-0.0423373190022171,0.153264067379263,0.15814967928133,0.028676533120384,1,0,0,0,0,0,-2581.61894483621,1986.4757368255,0.15814967928133,0.028676533120384,1,0,0,0,0,0,1.21228636177035E-05,0.00137476189153927,0.000172163449499654,3,0.830966085640162,5.91838386541599,-0.00564820005046231,0.0398654148591514,1.27834718785355E-05,8.95024393684558E-05,-9.63414581146961E-09,6.69759529748574E-08,,1.810383321098E-17,0,0.00166616558168309,92033856159951.8,0.000206442343257336,1308002U1,0,10,1161,753,OpticalDensity,0,2464.05536642677,1024,1211,703,0.000933179643082815,2047,-0.000732985938600272,0,0,I0_00059,5000,m_oMeasOptDensity,0,1024,102,1945,972.0584,,0,,02/22/2016,2016-02-22 22:20:22,22:20:22,02/22/2016,2016-02-22 22:21:12,22:21:12,25.06,01:00:00,59,,02/22/2016 22:20:47,1,2485.62660938276,0.0000000,0.0000000,02/22/2016 16:09:03,20,3,922.0584
0.0418186910959162,0.108066596510392,0.158643857884274,0.0289598112431474,1,0,0,0,0,0,6750429.48678355,1538381.8899333,0.158643857884274,0.0289598112431474,1,0,0,0,0,0,-0.141390191746154,0.151051342494,0.158643857884274,0.0289598112431474,1,0,0,0,0,0,-3619.07995326474,1958.02650249408,0.158643857884274,0.0289598112431474,1,0,0,0,0,0,1.17789877791538E-05,0.000981445255901447,0.000169704098690995,3,8.28306859506621,5.83962017605035,-0.0557639559006339,0.0393348909349685,0.000125118113946972,8.83113889375552E-05,-9.35602843723344E-08,6.60846987511002E-08,,-7.52508729853986E-17,0,0.00127107512129332,-16891167781401.7,0.000201152819746479,1308002U1,0,10,1161,753,OpticalDensity,0,2464.05536642677,1024,1211,703,0.000713738433756328,2047,-0.000557336687536991,0,0,I0_00060,5000,m_oMeasOptDensity,0,1024,102,1945,971985,,0,,02/22/2016,2016-02-22 22:21:12,22:21:12,02/22/2016,2016-02-22 22:22:02,22:22:02,25.02,01:00:00,60,,02/22/2016 22:21:37,1,2484.89018181064,0.0000000,0.0000000,02/22/2016 16:09:03,20,3,921985
0.0819036184984134,0.108812452236993,0.172265011692061,0.031556224438232,1,0,0,0,0,0,6281064.06367149,1548911.59404059,0.172265011692061,0.031556224438232,1,0,0,0,0,0,-0.0142042953928464,0.151598613668895,0.172265011692061,0.031556224438232,1,0,0,0,0,0,-2859.02889487099,1971.66810298816,0.172265011692061,0.031556224438232,1,0,0,0,0,0,1.19466568490029E-05,0.0010672655391701,0.000170907664967696,3,4.83096144247755,5.88065496274823,-0.0324949453713247,0.0396115745188058,7.28398888287775E-05,8.89332101229236E-05,-5.44119714133837E-08,6.65504977560903E-08,,-5.60564474123114E-17,0,0.00128073768504189,-22847285979821.2,0.000195032452667283,1308002U1,0,10,1161,753,OpticalDensity,0,2464.05536642677,1024,1211,703,0.000698525499081892,2047,-0.000582212185959996,0,0,I0_00061,5000,m_oMeasOptDensity,0,1024,102,1945,972.01,,0,,02/22/2016,2016-02-22 22:22:02,22:22:02,02/22/2016,2016-02-22 22:22:52,22:22:52,24.97,01:00:00,61,,02/22/2016 22:22:27,1,2485.03715438597,0.0000000,0.0000000,02/22/2016 16:09:03,20,3,922.01
0.0367535924236974,0.102268176025629,0.171908613726568,0.0302309341527419,1,0,0,0,0,0,6201704.01918315,1455757.22258144,0.171908613726568,0.0302309341527419,1,0,0,0,0,0,-0.0105553597410243,0.142171158303606,0.171908613726568,0.0302309341527419,1,0,0,0,0,0,-2960.99744561368,1853.21189483721,0.171908613726568,0.0302309341527419,1,0,0,0,0,0,1.05508931738059E-05,0.000979078863846078,0.000160613837590414,3,3.0544121360485,5.53418694818312,-0.0204495226825102,0.0372779919438496,4.56195452401162E-05,8.36944504204547E-05,-3.3910169288587E-08,6.26305608145407E-08,,-3.01003491941595E-17,0,0.00122648597651476,-40746569702677.7,0.000195091634752303,1308002U1,0,10,1161,753,OpticalDensity,0,2464.05536642677,1024,1211,703,0.000642819427245422,2047,-0.000583666549269335,0,0,I0_00062,5000,m_oMeasOptDensity,0,1024,102,1945,971.9534,,0,,02/22/2016,2016-02-22 22:22:52,22:22:52,02/22/2016,2016-02-22 22:23:42,22:23:42,24.98,01:00:00,62,,02/22/2016 22:23:17,1,2484.30695838853,0.0000000,0.0000000,02/22/2016 16:09:03,20,3,921.9534
0.0587913977370347,0.108586889050018,0.169304607244133,0.0319239596739212,1,0,0,0,0,0,6217730.77637925,1545688.67941903,0.169304607244133,0.0319239596739212,1,0,0,0,0,0,-0.0223089973397428,0.151232924720505,0.169304607244133,0.0319239596739212,1,0,0,0,0,0,-2772.76979963199,1967.61145718067,0.169304607244133,0.0319239596739212,1,0,0,0,0,0,1.18959044116994E-05,0.00103362682043928,0.000170544248979211,3,4.63798137682066,5.87146075991723,-0.0312555646284799,0.0395496791378396,7.01931543782785E-05,8.87943270187068E-05,-5.25329991935226E-08,6.64466283565815E-08,,3.31540078080597E-17,0,0.00119465236835115,36033422422634.8,0.000197278532126148,1308002U1,0,10,1161,753,OpticalDensity,0,2464.05536642677,1024,1211,703,0.000608468254905126,2047,-0.00058618411344602,0,0,I0_00063,5000,m_oMeasOptDensity,0,1024,102,1945,971.99,,0,,02/22/2016,2016-02-22 22:23:43,22:23:43,02/22/2016,2016-02-22 22:24:33,22:24:33,24.98,01:00:00,63,,02/22/2016 22:24:08,1,2484.8306480266,0.0000000,0.0000000,02/22/2016 16:09:03,20,3,921.99
0.0438858569595048,0.106757242989094,0.186644124421978,0.0309641498876273,1,0,0,0,0,0,6316014.0879615,1519724.72943176,0.186644124421978,0.0309641498876273,1,0,0,0,0,0,-0.0686588854464753,0.147674789077193,0.186644124421978,0.0309641498876273,1,0,0,0,0,0,-2639.31217897324,1934.85986645097,0.186644124421978,0.0309641498876273,1,0,0,0,0,0,1.14939682196662E-05,0.00101108084255831,0.000167638336228699,3,2.22469931905485,5.7915179246344,-0.0149799368436429,0.0390118522095578,3.36067337163526E-05,8.75883287167025E-05,-2.51201178132942E-08,6.55452813946877E-08,,1.10804183990094E-16,0,0.00127688013176908,11523753759002.7,0.000193425054628218,1308002U1,0,10,1161,753,OpticalDensity,0,2464.05536642677,1024,1211,703,0.000684137541508423,2047,-0.000592742590260653,0,0,I0_00064,5000,m_oMeasOptDensity,0,1024,102,1945,971905,,0,,02/22/2016,2016-02-22 22:24:33,22:24:33,02/22/2016,2016-02-22 22:25:23,22:25:23,25.01,01:00:00,64,,02/22/2016 22:24:58,1,2484.02747876505,0.0000000,0.0000000,02/22/2016 16:09:03,20,3,921905
0.167997151240238,0.108048710905996,0.209358738163898,0.050158272004916,1,0,0,0,0,0,3641966.01330024,1537355.78097729,0.209358738163898,0.050158272004916,1,0,0,0,0,0,-0.0239246412957227,0.149656338128263,0.209358738163898,0.050158272004916,1,0,0,0,0,0,-1777.90805828595,1958.23018685045,0.209358738163898,0.050158272004916,1,0,0,0,0,0,1.17654584853547E-05,0.000944210770646731,0.000169606609752517,4,6.33021724701102,5.86293506401526,-0.042623851205545,0.039492800351433,9.56469625310947E-05,8.86678654321525E-05,-7.15277730336864E-08,6.63529253839508E-08,,4.20968651773389E-17,0,0.0011658448446783,27694338753420.6,0.000189168393373459,1308002U1,0,10,1161,753,OpticalDensity,0,2464.05536642677,1024,1211,703,0.000654170562723877,2047,-0.000511674281954422,0,0,I0_00065,5000,m_oMeasOptDensity,0,1024,102,1945,971.7717,,0,,02/23/2016,2016-02-23 00:20:42,00:20:42,02/23/2016,2016-02-23 00:21:32,00:21:32,25.08,01:00:00,65,,02/23/2016 00:21:07,1,2485.08342143345,0.0000000,0.0000000,02/22/2016 16:09:03,20,3,921.7717
0.110444911400672,0.108409155397283,0.187131250342378,0.0311750729564581,1,0,0,0,0,0,6314895.97771604,1542472.06310783,0.187131250342378,0.0311750729564581,1,0,0,0,0,0,-0.0299570748559511,0.150297052642306,0.187131250342378,0.0311750729564581,1,0,0,0,0,0,-2002.08407058028,1964.65440658212,0.187131250342378,0.0311750729564581,1,0,0,0,0,0,1.18359754952224E-05,0.00111557544955813,0.000170114124589577,3,2.92553511799248,5.86810759009425,-0.0196625474961272,0.0395275296547822,4.40315434815432E-05,8.8745587557887E-05,-3.2853250953705E-08,6.64109014271208E-08,,-3.33721262804811E-17,0,0.00118772201227169,-35590240858172.9,0.000193736095547419,1308002U1,0,10,1161,753,OpticalDensity,0,2464.05536642677,1024,1211,703,0.000594121793840441,2047,-0.000593600218431245,0,0,I0_00066,5000,m_oMeasOptDensity,0,1024,102,1945,971795,,0,,02/23/2016,2016-02-23 00:21:33,00:21:33,02/23/2016,2016-02-23 00:22:23,00:22:23,25.19,01:00:00,66,,02/23/2016 00:21:58,1,2485.99855402288,0.0000000,0.0000000,02/22/2016 16:09:03,20,2,921795
0.0784783382938486,0.107147369800356,0.168641187485656,0.0340313460881768,1,0,0,0,0,0,5723104.45974774,1525058.39331143,0.168641187485656,0.0340313460881768,1,0,0,0,0,0,0.0324566513771561,0.149259708363292,0.168641187485656,0.0340313460881768,1,0,0,0,0,0,-2492.67000246207,1941.54150062842,0.168641187485656,0.0340313460881768,1,0,0,0,0,0,1.15563676603914E-05,0.00106390094994919,0.000168092765008201,3,5.0295503085587,5.79092174304357,-0.0338131167355936,0.0390071628622373,7.57511886031907E-05,8.75762760504185E-05,-5.65512819089339E-08,6.55351121132661E-08,,4.14425097600746E-17,0,0.00121947800527433,29425775908223.8,0.000191347822929132,1308002U1,0,10,1161,753,OpticalDensity,0,2464.05536642677,1024,1211,703,0.000565267760760269,2047,-0.000654210244514064,0,0,I0_00067,5000,m_oMeasOptDensity,0,1024,102,1945,971745,,0,,02/23/2016,2016-02-23 00:22:23,00:22:23,02/23/2016,2016-02-23 00:23:13,00:23:13,25.25,01:00:00,67,,02/23/2016 00:22:48,1,2483.59510955235,0.0000000,0.0000000,02/22/2016 16:09:03,20,3,921745
0.0735538276660042,0.105929441383035,0.174370380270677,0.0368631133354267,1,0,0,0,0,0,5210361.97773747,1507594.74807728,0.174370380270677,0.0368631133354267,1,0,0,0,0,0,-0.0632705538482264,0.147361614943985,0.174370380270677,0.0368631133354267,1,0,0,0,0,0,-2252.14624419845,1919.51870586668,0.174370380270677,0.0368631133354267,1,0,0,0,0,0,1.13012612402938E-05,0.00103136968036657,0.000166227090310275,3,5.82634410539065,5.72481628593165,-0.0392057758561988,0.0385619979014492,8.79150282646215E-05,8.6577085837485E-05,-6.56955556772813E-08,6.47875988154725E-08,,1.28471780256231E-16,0,0.00126230225189117,9825521599946.4,0.000189867071039671,1308002U1,0,10,1161,753,OpticalDensity,0,2464.05536642677,1024,1211,703,0.000724215254172877,2047,-0.00053808699771829,0,0,I0_00068,5000,m_oMeasOptDensity,0,1024,102,1945,971815,,0,,02/23/2016,2016-02-23 00:23:13,00:23:13,02/23/2016,2016-02-23 00:24:03,00:24:03,25.19,01:00:00,68,,02/23/2016 00:23:38,1,2483.70582879298,0.0000000,0.0000000,02/22/2016 16:09:03,20,3,921815
